seed,condition,model,auroc,fpr95
0,fgsm_2,undefended,0.6948090195655823,0.8500000238418579
0,fgsm_2,undefended_vgg,0.6686632037162781,0.9333333373069763
0,fgsm_2,pgd_at,0.5285243391990662,0.9375
0,fgsm_2,trades,0.5135590434074402,0.9416666626930237
0,fgsm_2,rand_smooth,0.5239930152893066,0.9375
0,fgsm_2,cardnet,0.4992361068725586,1.0
0,fgsm_4,undefended,0.7177950739860535,0.8291666507720947
0,fgsm_4,undefended_vgg,0.6703993082046509,0.9375
0,fgsm_4,pgd_at,0.553489625453949,0.9125000238418579
0,fgsm_4,trades,0.522899329662323,0.9416666626930237
0,fgsm_4,rand_smooth,0.5475694537162781,0.8999999761581421
0,fgsm_4,cardnet,0.5254514217376709,1.0
0,fgsm_8,undefended,0.7978125214576721,0.6458333134651184
0,fgsm_8,undefended_vgg,0.6980555057525635,0.8791666626930237
0,fgsm_8,pgd_at,0.5877951383590698,0.887499988079071
0,fgsm_8,trades,0.5365798473358154,0.9416666626930237
0,fgsm_8,rand_smooth,0.5693055391311646,0.8708333373069763
0,fgsm_8,cardnet,0.6406424045562744,0.9333333373069763
0,pgd10_2,undefended,0.23347222805023193,1.0
0,pgd10_2,undefended_vgg,0.4789409637451172,1.0
0,pgd10_2,pgd_at,0.5289583206176758,0.9375
0,pgd10_2,trades,0.5137152671813965,0.9416666626930237
0,pgd10_2,rand_smooth,0.5232638716697693,0.9375
0,pgd10_2,cardnet,0.5096701383590698,1.0
0,pgd10_4,undefended,0.06489583849906921,1.0
0,pgd10_4,undefended_vgg,0.2236805558204651,1.0
0,pgd10_4,pgd_at,0.5533333420753479,0.9041666388511658
0,pgd10_4,trades,0.5235590934753418,0.949999988079071
0,pgd10_4,rand_smooth,0.5446875095367432,0.8708333373069763
0,pgd10_4,cardnet,0.5262326002120972,1.0
0,pgd10_8,undefended,0.05182291939854622,1.0
0,pgd10_8,undefended_vgg,0.05965277925133705,1.0
0,pgd10_8,pgd_at,0.5784895420074463,0.8833333253860474
0,pgd10_8,trades,0.5363368391990662,0.9416666626930237
0,pgd10_8,rand_smooth,0.5522395968437195,0.8708333373069763
0,pgd10_8,cardnet,0.6221874952316284,0.9375
0,pgd10_8,abl_no_purify,0.6066319346427917,0.8583333492279053
0,pgd10_8,abl_no_detect,0.5517881512641907,0.887499988079071
0,pgd10_8,abl_no_smooth,0.6066319346427917,0.8583333492279053
0,pgd10_8,abl_no_fusion,0.6066319346427917,0.8583333492279053
0,pgd10_8,abl_single_teacher,0.61677086353302,0.8166666626930237
0,pgd40_8,undefended,0.04805556684732437,1.0
0,pgd40_8,undefended_vgg,0.0041840276680886745,1.0
0,pgd40_8,pgd_at,0.5763020515441895,0.8833333253860474
0,pgd40_8,trades,0.5361632108688354,0.9416666626930237
0,pgd40_8,rand_smooth,0.5455208420753479,0.8958333134651184
0,pgd40_8,cardnet,0.649427056312561,0.8999999761581421
0,cw,undefended,0.8129000663757324,0.5899999737739563
0,cw,undefended_vgg,0.8482999801635742,0.41999998688697815
0,cw,pgd_at,0.5436999797821045,0.949999988079071
0,cw,trades,0.5013999938964844,0.949999988079071
0,cw,rand_smooth,0.5279000401496887,0.9300000071525574
0,cw,cardnet,0.6484000086784363,0.5799999833106995
0,autoattack_8,undefended,0.21833331882953644,0.8666666746139526
0,autoattack_8,undefended_vgg,0.07930554449558258,1.0
0,autoattack_8,pgd_at,0.5446527600288391,0.9583333134651184
0,autoattack_8,trades,0.5224305391311646,0.9583333134651184
0,autoattack_8,rand_smooth,0.5754166841506958,0.8999999761581421
0,autoattack_8,cardnet,0.6898611187934875,0.4416666626930237
1,fgsm_2,undefended,0.703038215637207,0.8374999761581421
1,fgsm_2,undefended_vgg,0.7299479246139526,0.8208333253860474
1,fgsm_2,pgd_at,0.5398437976837158,0.9416666626930237
1,fgsm_2,trades,0.5129687786102295,0.9458333253860474
1,fgsm_2,rand_smooth,0.5185070037841797,0.9416666626930237
1,fgsm_2,cardnet,0.5104687213897705,1.0
1,fgsm_4,undefended,0.6961979269981384,0.8541666865348816
1,fgsm_4,undefended_vgg,0.7405380606651306,0.8374999761581421
1,fgsm_4,pgd_at,0.5722395777702332,0.9375
1,fgsm_4,trades,0.5210763812065125,0.9333333373069763
1,fgsm_4,rand_smooth,0.5356423258781433,0.9125000238418579
1,fgsm_4,cardnet,0.5318750143051147,1.0
1,fgsm_8,undefended,0.7694618105888367,0.6958333253860474
1,fgsm_8,undefended_vgg,0.7704861164093018,0.8333333134651184
1,fgsm_8,pgd_at,0.5995659828186035,0.887499988079071
1,fgsm_8,trades,0.5360764265060425,0.9458333253860474
1,fgsm_8,rand_smooth,0.5559548139572144,0.8791666626930237
1,fgsm_8,cardnet,0.6272916793823242,0.9458333253860474
1,pgd10_2,undefended,0.18048611283302307,1.0
1,pgd10_2,undefended_vgg,0.47425347566604614,1.0
1,pgd10_2,pgd_at,0.5403819680213928,0.9416666626930237
1,pgd10_2,trades,0.5132118463516235,0.9458333253860474
1,pgd10_2,rand_smooth,0.5160590410232544,0.9375
1,pgd10_2,cardnet,0.5086805820465088,1.0
1,pgd10_4,undefended,0.05383680760860443,1.0
1,pgd10_4,undefended_vgg,0.20678818225860596,1.0
1,pgd10_4,pgd_at,0.5727951526641846,0.9375
1,pgd10_4,trades,0.5219618082046509,0.9333333373069763
1,pgd10_4,rand_smooth,0.530468761920929,0.9125000238418579
1,pgd10_4,cardnet,0.5309374928474426,1.0
1,pgd10_8,undefended,0.042690977454185486,1.0
1,pgd10_8,undefended_vgg,0.0525173619389534,1.0
1,pgd10_8,pgd_at,0.5838888883590698,0.887499988079071
1,pgd10_8,trades,0.5363020896911621,0.9375
1,pgd10_8,rand_smooth,0.5376041531562805,0.8958333134651184
1,pgd10_8,cardnet,0.6101909875869751,0.9458333253860474
1,pgd10_8,abl_no_purify,0.6365971565246582,0.9166666865348816
1,pgd10_8,abl_no_detect,0.5297915935516357,0.9208333492279053
1,pgd10_8,abl_no_smooth,0.6365971565246582,0.9166666865348816
1,pgd10_8,abl_no_fusion,0.6365971565246582,0.9166666865348816
1,pgd10_8,abl_single_teacher,0.6368229389190674,0.887499988079071
1,pgd40_8,undefended,0.04027778282761574,1.0
1,pgd40_8,undefended_vgg,0.006232637446373701,1.0
1,pgd40_8,pgd_at,0.5781770944595337,0.887499988079071
1,pgd40_8,trades,0.5358680486679077,0.9375
1,pgd40_8,rand_smooth,0.5260590314865112,0.8958333134651184
1,pgd40_8,cardnet,0.6282639503479004,0.9458333253860474
1,cw,undefended,0.7576000094413757,0.6399999856948853
1,cw,undefended_vgg,0.9091000556945801,0.25999999046325684
1,cw,pgd_at,0.5579000115394592,0.9599999785423279
1,cw,trades,0.5019000172615051,0.9599999785423279
1,cw,rand_smooth,0.523300051689148,0.9399999976158142
1,cw,cardnet,0.5724000334739685,0.6899999976158142
2,fgsm_2,undefended,0.725243091583252,0.8041666746139526
2,fgsm_2,undefended_vgg,0.7130728960037231,0.8416666388511658
2,fgsm_2,pgd_at,0.5309374928474426,0.9333333373069763
2,fgsm_2,trades,0.5133854150772095,0.9458333253860474
2,fgsm_2,rand_smooth,0.5296180248260498,0.9458333253860474
2,fgsm_2,cardnet,0.503576397895813,1.0
2,fgsm_4,undefended,0.7248263359069824,0.8291666507720947
2,fgsm_4,undefended_vgg,0.7163714170455933,0.9166666865348816
2,fgsm_4,pgd_at,0.5584200620651245,0.9083333611488342
2,fgsm_4,trades,0.5224826335906982,0.9333333373069763
2,fgsm_4,rand_smooth,0.5456076264381409,0.9208333492279053
2,fgsm_4,cardnet,0.5372569561004639,1.0
2,fgsm_8,undefended,0.7848610877990723,0.7208333611488342
2,fgsm_8,undefended_vgg,0.749427080154419,0.887499988079071
2,fgsm_8,pgd_at,0.5948437452316284,0.8541666865348816
2,fgsm_8,trades,0.5302430391311646,0.9291666746139526
2,fgsm_8,rand_smooth,0.5689930319786072,0.8958333134651184
2,fgsm_8,cardnet,0.6436284780502319,0.9333333373069763
2,pgd10_2,undefended,0.17600692808628082,0.9958333373069763
2,pgd10_2,undefended_vgg,0.4574131965637207,1.0
2,pgd10_2,pgd_at,0.530798614025116,0.9333333373069763
2,pgd10_2,trades,0.5132117867469788,0.9458333253860474
2,pgd10_2,rand_smooth,0.5271353721618652,0.9416666626930237
2,pgd10_2,cardnet,0.5024479031562805,1.0
2,pgd10_4,undefended,0.04894097521901131,1.0
2,pgd10_4,undefended_vgg,0.18628472089767456,1.0
2,pgd10_4,pgd_at,0.5574826002120972,0.9083333611488342
2,pgd10_4,trades,0.5218229293823242,0.9333333373069763
2,pgd10_4,rand_smooth,0.5415972471237183,0.9166666865348816
2,pgd10_4,cardnet,0.5259548425674438,1.0
2,pgd10_8,undefended,0.025173595175147057,1.0
2,pgd10_8,undefended_vgg,0.044201385229825974,1.0
2,pgd10_8,pgd_at,0.5820659399032593,0.8541666865348816
2,pgd10_8,trades,0.5264756679534912,0.9208333492279053
2,pgd10_8,rand_smooth,0.5572221875190735,0.9041666388511658
2,pgd10_8,cardnet,0.6149305701255798,0.9333333373069763
2,pgd10_8,abl_no_purify,0.604687511920929,0.8583333492279053
2,pgd10_8,abl_no_detect,0.5496875047683716,0.8958333134651184
2,pgd10_8,abl_no_smooth,0.604687511920929,0.8583333492279053
2,pgd10_8,abl_no_fusion,0.604687511920929,0.8583333492279053
2,pgd10_8,abl_single_teacher,0.610156238079071,0.887499988079071
2,pgd40_8,undefended,0.022222207859158516,1.0
2,pgd40_8,undefended_vgg,0.00609374837949872,1.0
2,pgd40_8,pgd_at,0.5774304866790771,0.8541666865348816
2,pgd40_8,trades,0.5255903005599976,0.9208333492279053
2,pgd40_8,rand_smooth,0.5523611307144165,0.9208333492279053
2,pgd40_8,cardnet,0.6362847685813904,0.9333333373069763
2,cw,undefended,0.7666000127792358,0.6899999976158142
2,cw,undefended_vgg,0.8488999605178833,0.33000001311302185
2,cw,pgd_at,0.5435000061988831,0.9599999785423279
2,cw,trades,0.5019999742507935,0.9599999785423279
2,cw,rand_smooth,0.5341999530792236,0.9300000071525574
2,cw,cardnet,0.5582000017166138,0.7300000190734863
