seed,condition,model,n,accuracy,ece,latency_s,mean_conf,part,mean_depth,p_accept,p_defer,p_flag,eot,bpda
2,gaussian_noise_s5,undefended,100,0.13,0.6625920644402504,0.001272447109222412,0.769752025604248,corr,,,,,,
2,gaussian_noise_s5,undefended_vgg,100,0.09,0.7456809282302856,0.005210163593292236,0.8356810212135315,corr,,,,,,
2,gaussian_noise_s5,pgd_at,100,0.33,0.06167971462011339,0.0017034506797790527,0.3458755612373352,corr,,,,,,
2,gaussian_noise_s5,trades,100,0.34,0.10347397893667222,0.00111525297164917,0.2445351779460907,corr,,,,,,
2,gaussian_noise_s5,rand_smooth,100,0.35,0.09502145946025849,0.024050517082214354,0.3610706627368927,corr,,,,,,
2,gaussian_noise_s5,cardnet,100,0.44,0.3313464415818453,1.009218192100525,0.10865355283021927,corr,150.0,0.0,0.02,0.98,,
2,shot_noise_s5,undefended,100,0.13,0.622302111685276,0.0008262848854064942,0.7523021101951599,corr,,,,,,
2,shot_noise_s5,undefended_vgg,100,0.15,0.6743241298198701,0.004813809394836426,0.8243241310119629,corr,,,,,,
2,shot_noise_s5,pgd_at,100,0.29,0.10956018164753915,0.0013686466217041017,0.34029513597488403,corr,,,,,,
2,shot_noise_s5,trades,100,0.3,0.06365121126174927,0.0008111190795898437,0.24201959371566772,corr,,,,,,
2,shot_noise_s5,rand_smooth,100,0.37,0.09198687121272088,0.02143871545791626,0.3655245304107666,corr,,,,,,
2,shot_noise_s5,cardnet,100,0.43,0.3210339493304491,0.9528389143943786,0.10896604508161545,corr,150.0,0.0,0.02,0.98,,
2,impulse_noise_s5,undefended,100,0.12,0.6703390473127365,0.0009622931480407715,0.7903390526771545,corr,,,,,,
2,impulse_noise_s5,undefended_vgg,100,0.11,0.7155328968167305,0.0038540339469909667,0.8255329132080078,corr,,,,,,
2,impulse_noise_s5,pgd_at,100,0.32,0.13056242987513542,0.001384425163269043,0.3398076891899109,corr,,,,,,
2,impulse_noise_s5,trades,100,0.37,0.13914896056056025,0.0008150839805603027,0.23897609114646912,corr,,,,,,
2,impulse_noise_s5,rand_smooth,100,0.39,0.1379888266324997,0.02443859338760376,0.3594335913658142,corr,,,,,,
2,impulse_noise_s5,cardnet,100,0.39,0.28174783222377303,0.9765935754776001,0.1082521602511406,corr,150.0,0.0,0.02,0.98,,
2,defocus_blur_s5,undefended,100,0.16,0.3344232079386711,0.0008164191246032715,0.4796459674835205,corr,,,,,,
2,defocus_blur_s5,undefended_vgg,100,0.09,0.4097335562109948,0.0037959623336791992,0.49973350763320923,corr,,,,,,
2,defocus_blur_s5,pgd_at,100,0.2,0.15885863065719605,0.0017125773429870605,0.32504257559776306,corr,,,,,,
2,defocus_blur_s5,trades,100,0.27,0.03622864097356797,0.0008944964408874512,0.29254403710365295,corr,,,,,,
2,defocus_blur_s5,rand_smooth,100,0.27,0.11202083408832551,0.02292346715927124,0.32732000946998596,corr,,,,,,
2,defocus_blur_s5,cardnet,100,0.24,0.1015204956382513,1.0132875990867614,0.13847950100898743,corr,149.67999267578125,0.24,0.61,0.15,,
2,glass_blur_s5,undefended,100,0.14,0.46874347448348996,0.000858316421508789,0.60874342918396,corr,,,,,,
2,glass_blur_s5,undefended_vgg,100,0.15,0.36800921797752384,0.004012348651885986,0.5179031491279602,corr,,,,,,
2,glass_blur_s5,pgd_at,100,0.31,0.06970998719334602,0.0013217544555664063,0.31946179270744324,corr,,,,,,
2,glass_blur_s5,trades,100,0.3,0.06157146990299225,0.0008148527145385742,0.27849650382995605,corr,,,,,,
2,glass_blur_s5,rand_smooth,100,0.28,0.1312830892205238,0.020632505416870117,0.32714393734931946,corr,,,,,,
2,glass_blur_s5,cardnet,100,0.31,0.1703094267100096,0.9485425162315368,0.1396905779838562,corr,143.44000244140625,0.28,0.56,0.16,,
2,motion_blur_s5,undefended,100,0.15,0.5216419839859009,0.0008899521827697754,0.671642005443573,corr,,,,,,
2,motion_blur_s5,undefended_vgg,100,0.16,0.5364879527688027,0.0036792254447937014,0.6964880228042603,corr,,,,,,
2,motion_blur_s5,pgd_at,100,0.21,0.13233834564685823,0.001427285671234131,0.32556769251823425,corr,,,,,,
2,motion_blur_s5,trades,100,0.22,0.08790232360363005,0.0008199715614318848,0.26557713747024536,corr,,,,,,
2,motion_blur_s5,rand_smooth,100,0.26,0.08095682159066199,0.023311972618103027,0.3322371244430542,corr,,,,,,
2,motion_blur_s5,cardnet,100,0.26,0.1290581312775612,0.9514263081550598,0.14182205498218536,corr,145.52000427246094,0.34,0.5,0.16,,
2,zoom_blur_s5,undefended,100,0.44,0.339094001352787,0.0007857441902160645,0.7784605622291565,corr,,,,,,
2,zoom_blur_s5,undefended_vgg,100,0.52,0.39939972251653677,0.003873867988586426,0.9068555235862732,corr,,,,,,
2,zoom_blur_s5,pgd_at,100,0.6,0.2108991611003876,0.0013699030876159668,0.3944329023361206,corr,,,,,,
2,zoom_blur_s5,trades,100,0.36,0.09616923138499262,0.0009418964385986328,0.2638307511806488,corr,,,,,,
2,zoom_blur_s5,rand_smooth,100,0.57,0.2389030040800571,0.02244147062301636,0.3515177071094513,corr,,,,,,
2,zoom_blur_s5,cardnet,100,0.54,0.3819142664968968,0.85806738615036,0.15808573365211487,corr,126.30000305175781,0.55,0.36,0.09,,
2,snow_s5,undefended,100,0.49,0.3682895207405091,0.0010506057739257813,0.8562322854995728,corr,,,,,,
2,snow_s5,undefended_vgg,100,0.52,0.43188378632068636,0.0032988476753234865,0.9401261806488037,corr,,,,,,
2,snow_s5,pgd_at,100,0.27,0.14079199790954589,0.0010793972015380859,0.3919052481651306,corr,,,,,,
2,snow_s5,trades,100,0.15,0.21957375943660734,0.0005611848831176758,0.3433687686920166,corr,,,,,,
2,snow_s5,rand_smooth,100,0.26,0.12721875950694086,0.01297428846359253,0.35396790504455566,corr,,,,,,
2,snow_s5,cardnet,100,0.26,0.10347028873860835,0.6073770332336426,0.15652970969676971,corr,142.6199951171875,0.52,0.48,0.0,,
2,frost_s5,undefended,100,0.52,0.3507259729504585,0.0006169295310974121,0.8675839900970459,corr,,,,,,
2,frost_s5,undefended_vgg,100,0.63,0.3282221788167953,0.0029517436027526856,0.9399145245552063,corr,,,,,,
2,frost_s5,pgd_at,100,0.25,0.12851124182343482,0.0009952664375305175,0.3587724566459656,corr,,,,,,
2,frost_s5,trades,100,0.15,0.22454521298408509,0.0005451464653015137,0.368231862783432,corr,,,,,,
2,frost_s5,rand_smooth,100,0.25,0.16129953876137731,0.013798809051513672,0.35377129912376404,corr,,,,,,
2,frost_s5,cardnet,100,0.27,0.11185890503227709,0.5614702343940735,0.15814109146595,corr,137.6300048828125,0.56,0.4,0.04,,
2,fog_s5,undefended,100,0.11,0.7200499179959297,0.0005150389671325684,0.8300498127937317,corr,,,,,,
2,fog_s5,undefended_vgg,100,0.1,0.7867003461718558,0.002671074867248535,0.8867002725601196,corr,,,,,,
2,fog_s5,pgd_at,100,0.14,0.08496704891324043,0.0008286619186401367,0.22496704757213593,corr,,,,,,
2,fog_s5,trades,100,0.13,0.057016554027795784,0.0005173850059509278,0.1870165467262268,corr,,,,,,
2,fog_s5,rand_smooth,100,0.13,0.09607019871473313,0.013011469841003417,0.22607022523880005,corr,,,,,,
2,fog_s5,cardnet,100,0.17,0.04294726513326168,0.6400080728530885,0.12705273926258087,corr,150.0,0.06,0.56,0.38,,
2,brightness_s5,undefended,100,0.81,0.16333509042859076,0.0005309939384460449,0.9218517541885376,corr,,,,,,
2,brightness_s5,undefended_vgg,100,0.82,0.16862722516059878,0.002595503330230713,0.9596115946769714,corr,,,,,,
2,brightness_s5,pgd_at,100,0.29,0.1247528088092804,0.000820465087890625,0.35809963941574097,corr,,,,,,
2,brightness_s5,trades,100,0.16,0.16922181397676472,0.0004946279525756836,0.32666847109794617,corr,,,,,,
2,brightness_s5,rand_smooth,100,0.26,0.14085933104157447,0.012728004455566407,0.35538485646247864,corr,,,,,,
2,brightness_s5,cardnet,100,0.29,0.17259469196200372,0.4897191309928894,0.15728741884231567,corr,113.04000091552734,0.53,0.41,0.06,,
2,contrast_s5,undefended,100,0.15,0.3686374706029892,0.0005565547943115235,0.5186375379562378,corr,,,,,,
2,contrast_s5,undefended_vgg,100,0.11,0.3787915426492692,0.0026023077964782717,0.48879149556159973,corr,,,,,,
2,contrast_s5,pgd_at,100,0.16,0.14463501036167145,0.0008197259902954101,0.30463501811027527,corr,,,,,,
2,contrast_s5,trades,100,0.19,0.11224301949143412,0.0005280375480651855,0.291111022233963,corr,,,,,,
2,contrast_s5,rand_smooth,100,0.18,0.1556513464450836,0.014398777484893798,0.31048211455345154,corr,,,,,,
2,contrast_s5,cardnet,100,0.17,0.0661667649447918,0.6371875381469727,0.13520783185958862,corr,150.0,0.16,0.67,0.17,,
2,elastic_transform_s5,undefended,100,0.13,0.7631095167994499,0.000514988899230957,0.8931095004081726,corr,,,,,,
2,elastic_transform_s5,undefended_vgg,100,0.14,0.7177619764208794,0.0026430439949035643,0.8577618598937988,corr,,,,,,
2,elastic_transform_s5,pgd_at,100,0.33,0.1014021399617195,0.0008197665214538574,0.3459894061088562,corr,,,,,,
2,elastic_transform_s5,trades,100,0.34,0.12291260994970797,0.0004869651794433594,0.2661789357662201,corr,,,,,,
2,elastic_transform_s5,rand_smooth,100,0.35,0.07940810233354569,0.01223963737487793,0.3462434709072113,corr,,,,,,
2,elastic_transform_s5,cardnet,100,0.32,0.17967914171516897,0.608513548374176,0.15452870726585388,corr,142.52999877929688,0.55,0.37,0.08,,
2,pixelate_s5,undefended,100,0.16,0.6776419192552567,0.000522768497467041,0.8248789310455322,corr,,,,,,
2,pixelate_s5,undefended_vgg,100,0.2,0.7253754326701163,0.0028586816787719727,0.9253753423690796,corr,,,,,,
2,pixelate_s5,pgd_at,100,0.51,0.1861183167994023,0.0009598779678344727,0.35095497965812683,corr,,,,,,
2,pixelate_s5,trades,100,0.37,0.10512746751308438,0.0005496478080749511,0.2648725211620331,corr,,,,,,
2,pixelate_s5,rand_smooth,100,0.42,0.14163567632436752,0.012740061283111573,0.3296927213668823,corr,,,,,,
2,pixelate_s5,cardnet,100,0.49,0.3399795267730952,0.6582795453071595,0.15002046525478363,corr,150.0,0.46,0.45,0.09,,
2,jpeg_compression_s5,undefended,100,0.27,0.5548418521881103,0.0005080175399780274,0.8248418569564819,corr,,,,,,
2,jpeg_compression_s5,undefended_vgg,100,0.34,0.5292696675658227,0.002773571014404297,0.8692697286605835,corr,,,,,,
2,jpeg_compression_s5,pgd_at,100,0.6,0.1959011386334896,0.000813906192779541,0.4232431650161743,corr,,,,,,
2,jpeg_compression_s5,trades,100,0.33,0.07324197173118593,0.0004861736297607422,0.2661033272743225,corr,,,,,,
2,jpeg_compression_s5,rand_smooth,100,0.51,0.18039678603410722,0.012463512420654297,0.372090607881546,corr,,,,,,
2,jpeg_compression_s5,cardnet,100,0.55,0.38778235279023643,0.6174012899398803,0.1622176617383957,corr,140.24000549316406,0.58,0.34,0.08,,
0,id_cifar10,undefended,240,0.9041666666666667,0.06833443132539593,0.0012308627367019654,0.9628795385360718,ood,,,,,,
0,id_cifar10,undefended_vgg,240,0.9,0.08625761320193615,0.005190389355023702,0.9794877767562866,ood,,,,,,
0,id_cifar10,pgd_at,240,0.6583333333333333,0.15441359225660567,0.0019282797972361247,0.5039197206497192,ood,,,,,,
0,id_cifar10,trades,240,0.4083333333333333,0.1395845982556542,0.0010892291863759359,0.2764033377170563,ood,,,,,,
0,id_cifar10,rand_smooth,240,0.5875,0.16222860651711626,0.023941356937090555,0.4330596327781677,ood,,,,,,
0,id_cifar10,cardnet,240,0.5958333333333333,0.4122205229165653,0.6002832154432932,0.18361282348632812,ood,64.74166870117188,0.7125,0.24583333333333332,0.041666666666666664,,
0,near_cifar100,undefended,240,0.0,0.8117322818686563,0.0009236405293146769,0.8117322325706482,ood,,,,,,
0,near_cifar100,undefended_vgg,240,0.0,0.9090322181582451,0.004570428530375163,0.9090322256088257,ood,,,,,,
0,near_cifar100,pgd_at,240,0.0,0.33589970227330923,0.0015720993280410767,0.3358997106552124,ood,,,,,,
0,near_cifar100,trades,240,0.0,0.2558491128186385,0.0009255965550740559,0.25584909319877625,ood,,,,,,
0,near_cifar100,rand_smooth,240,0.0,0.3221263867492477,0.02088383734226227,0.3221263885498047,ood,,,,,,
0,near_cifar100,cardnet,240,0.0,0.14964972557500003,0.9438467174768448,0.1496497094631195,ood,137.80833435058594,0.425,0.4875,0.0875,,
0,near_cifar100,abl_no_fusion,240,0.0,0.324320212379098,0.9438467174768448,0.3243202269077301,ood,137.80833435058594,0.9958333333333333,0.004166666666666667,0.0,,
0,near_cifar100,abl_no_smooth,240,0.0,0.15956388218328357,0.920095948378245,0.15956388413906097,ood,137.80833435058594,0.5458333333333333,0.4166666666666667,0.0375,,
0,near_cifar100,abl_single_teacher,240,0.0,0.15514050293713808,0.9418080031871795,0.1551404893398285,ood,137.80833435058594,0.4625,0.45,0.0875,,
0,near_cifar100,abl_no_purify,240,0.0,0.14894515632962185,0.02227533161640167,0.1489451676607132,ood,0.0,0.4041666666666667,0.49166666666666664,0.10416666666666667,,
0,near_cifar100,abl_no_detect,240,0.0,0.32275983629127347,0.8400341103474299,0.32275980710983276,ood,100.0,0.9958333333333333,0.004166666666666667,0.0,,
0,far_mnist,undefended,240,0.0,0.8234174501150846,0.0010948707660039267,0.8234174251556396,ood,,,,,,
0,far_mnist,undefended_vgg,240,0.0,0.9001025723914304,0.0046275794506072995,0.9001025557518005,ood,,,,,,
0,far_mnist,pgd_at,240,0.0,0.4706102718909582,0.0016168326139450074,0.47061026096343994,ood,,,,,,
0,far_mnist,trades,240,0.0,0.2839821253592769,0.000980601708094279,0.28398212790489197,ood,,,,,,
0,far_mnist,rand_smooth,240,0.0,0.30168968060364326,0.024112520615259807,0.30168965458869934,ood,,,,,,
0,far_mnist,cardnet,240,0.0,0.14341623056679964,1.0122669021288553,0.14341622591018677,ood,150.0,0.3458333333333333,0.6,0.05416666666666667,,
0,far_fmnist,undefended,240,0.0,0.7635177548974752,0.0010134617487589518,0.7635177373886108,ood,,,,,,
0,far_fmnist,undefended_vgg,240,0.0,0.8668697859471043,0.005326465765635172,0.8668698072433472,ood,,,,,,
0,far_fmnist,pgd_at,240,0.0,0.4531851711993416,0.0016283959150314331,0.45318514108657837,ood,,,,,,
0,far_fmnist,trades,240,0.0,0.36021320552875596,0.001009976863861084,0.3602132201194763,ood,,,,,,
0,far_fmnist,rand_smooth,240,0.0,0.4231085417171319,0.025105398893356324,0.4231085479259491,ood,,,,,,
0,far_fmnist,cardnet,240,0.0,0.17004256937652829,1.0258269409338634,0.17004255950450897,ood,149.47084045410156,0.7583333333333333,0.19583333333333333,0.04583333333333333,,
1,gaussian_noise_s5,undefended,100,0.12,0.6612783527374267,0.0012993669509887694,0.7689563035964966,corr,,,,,,
1,gaussian_noise_s5,undefended_vgg,100,0.13,0.7073310256004335,0.005402708053588867,0.8373309969902039,corr,,,,,,
1,gaussian_noise_s5,pgd_at,100,0.39,0.1098781868815422,0.0016497731208801269,0.3422565758228302,corr,,,,,,
1,gaussian_noise_s5,trades,100,0.48,0.2492440688610077,0.0010800766944885254,0.23338325321674347,corr,,,,,,
1,gaussian_noise_s5,rand_smooth,100,0.43,0.10500177651643752,0.02346955060958862,0.35528430342674255,corr,,,,,,
1,gaussian_noise_s5,cardnet,100,0.43,0.32132883220911024,0.9626901865005493,0.1086711660027504,corr,150.0,0.0,0.02,0.98,,
1,shot_noise_s5,undefended,100,0.11,0.6429319778084756,0.0008869671821594238,0.752932071685791,corr,,,,,,
1,shot_noise_s5,undefended_vgg,100,0.11,0.7373273086547851,0.0038639140129089356,0.8473273515701294,corr,,,,,,
1,shot_noise_s5,pgd_at,100,0.37,0.12481939464807512,0.0013926172256469728,0.33298465609550476,corr,,,,,,
1,shot_noise_s5,trades,100,0.41,0.20551614314317707,0.0008325767517089844,0.22865420579910278,corr,,,,,,
1,shot_noise_s5,rand_smooth,100,0.43,0.18359997034072878,0.022244901657104493,0.3542453348636627,corr,,,,,,
1,shot_noise_s5,cardnet,100,0.44,0.33152497582137586,1.0017294430732726,0.10847503691911697,corr,150.0,0.0,0.01,0.99,,
1,impulse_noise_s5,undefended,100,0.15,0.6500271874666214,0.0009521389007568359,0.8000272512435913,corr,,,,,,
1,impulse_noise_s5,undefended_vgg,100,0.12,0.7007779237627983,0.004102365970611572,0.820777952671051,corr,,,,,,
1,impulse_noise_s5,pgd_at,100,0.43,0.10644493877887727,0.0015364432334899903,0.33279678225517273,corr,,,,,,
1,impulse_noise_s5,trades,100,0.48,0.25580541878938673,0.0008683061599731445,0.22685475647449493,corr,,,,,,
1,impulse_noise_s5,rand_smooth,100,0.45,0.21482398569583894,0.02155942678451538,0.35592204332351685,corr,,,,,,
1,impulse_noise_s5,cardnet,100,0.46,0.35150035813450814,1.1032471704483033,0.10849963873624802,corr,150.0,0.0,0.02,0.98,,
1,defocus_blur_s5,undefended,100,0.19,0.2923751348257065,0.0017169189453125,0.47972968220710754,corr,,,,,,
1,defocus_blur_s5,undefended_vgg,100,0.16,0.3432782627642155,0.0073111534118652345,0.5024077296257019,corr,,,,,,
1,defocus_blur_s5,pgd_at,100,0.22,0.13344450876116754,0.0028371667861938478,0.3117349445819855,corr,,,,,,
1,defocus_blur_s5,trades,100,0.22,0.09466528087854385,0.001912074089050293,0.28388869762420654,corr,,,,,,
1,defocus_blur_s5,rand_smooth,100,0.18,0.17537088900804518,0.053637802600860596,0.322122186422348,corr,,,,,,
1,defocus_blur_s5,cardnet,100,0.2,0.06729076594114303,1.0338475370407103,0.13736160099506378,corr,147.02000427246094,0.23,0.59,0.18,,
1,glass_blur_s5,undefended,100,0.18,0.4756898230314255,0.0009383606910705566,0.6556897759437561,corr,,,,,,
1,glass_blur_s5,undefended_vgg,100,0.21,0.3377781392633915,0.004056751728057861,0.5477780699729919,corr,,,,,,
1,glass_blur_s5,pgd_at,100,0.19,0.1486003774404526,0.0014394879341125487,0.30280426144599915,corr,,,,,,
1,glass_blur_s5,trades,100,0.27,0.06887228906154631,0.0009768819808959961,0.26883265376091003,corr,,,,,,
1,glass_blur_s5,rand_smooth,100,0.2,0.13736137181520464,0.023271875381469728,0.3069210350513458,corr,,,,,,
1,glass_blur_s5,cardnet,100,0.18,0.042917310744524005,0.9760256409645081,0.13708269596099854,corr,141.6699981689453,0.23,0.58,0.19,,
1,motion_blur_s5,undefended,100,0.15,0.5377182859182358,0.0009605002403259278,0.6877183318138123,corr,,,,,,
1,motion_blur_s5,undefended_vgg,100,0.17,0.4928530797362327,0.004130406379699707,0.662852942943573,corr,,,,,,
1,motion_blur_s5,pgd_at,100,0.23,0.11281435593962669,0.0013974237442016602,0.32547464966773987,corr,,,,,,
1,motion_blur_s5,trades,100,0.24,0.09132741630077362,0.0008763337135314942,0.2768620550632477,corr,,,,,,
1,motion_blur_s5,rand_smooth,100,0.19,0.15177426040172579,0.02164348840713501,0.3278055489063263,corr,,,,,,
1,motion_blur_s5,cardnet,100,0.23,0.08710977256298064,0.9800031352043153,0.14289022982120514,corr,146.8699951171875,0.34,0.44,0.22,,
1,zoom_blur_s5,undefended,100,0.44,0.37769399493932726,0.0012099456787109375,0.8042789697647095,corr,,,,,,
1,zoom_blur_s5,undefended_vgg,100,0.55,0.3909090414643288,0.005455212593078613,0.9284562468528748,corr,,,,,,
1,zoom_blur_s5,pgd_at,100,0.56,0.1857186123728752,0.0016362357139587402,0.3804445266723633,corr,,,,,,
1,zoom_blur_s5,trades,100,0.4,0.15753632962703704,0.0009901809692382812,0.2537470757961273,corr,,,,,,
1,zoom_blur_s5,rand_smooth,100,0.55,0.22296821132302283,0.025290155410766603,0.34083083271980286,corr,,,,,,
1,zoom_blur_s5,cardnet,100,0.57,0.4130701169371605,0.815828263759613,0.1569298803806305,corr,120.44000244140625,0.51,0.42,0.07,,
1,snow_s5,undefended,100,0.43,0.3953673613071442,0.0009273648262023926,0.8253673315048218,corr,,,,,,
1,snow_s5,undefended_vgg,100,0.56,0.348471228480339,0.004155082702636719,0.9084711670875549,corr,,,,,,
1,snow_s5,pgd_at,100,0.3,0.15767488077282907,0.0015989160537719727,0.404557466506958,corr,,,,,,
1,snow_s5,trades,100,0.14,0.21840463191270829,0.0008155679702758789,0.35840460658073425,corr,,,,,,
1,snow_s5,rand_smooth,100,0.24,0.13727626994252207,0.02188502550125122,0.3526821434497833,corr,,,,,,
1,snow_s5,cardnet,100,0.24,0.09466914854943752,0.825793764591217,0.15599794685840607,corr,135.44000244140625,0.51,0.46,0.03,,
1,frost_s5,undefended,100,0.46,0.37983964651823043,0.0010577392578125,0.8398396968841553,corr,,,,,,
1,frost_s5,undefended_vgg,100,0.55,0.36296909928321835,0.005319459438323975,0.9129691123962402,corr,,,,,,
1,frost_s5,pgd_at,100,0.2,0.15323487818241122,0.001515059471130371,0.34773555397987366,corr,,,,,,
1,frost_s5,trades,100,0.12,0.2667260165512562,0.0011424541473388672,0.37639743089675903,corr,,,,,,
1,frost_s5,rand_smooth,100,0.21,0.15799751788377764,0.02381659746170044,0.3542943298816681,corr,,,,,,
1,frost_s5,cardnet,100,0.21,0.06265252828598024,0.8328217959403992,0.15762244164943695,corr,138.8000030517578,0.57,0.4,0.03,,
1,fog_s5,undefended,100,0.13,0.7001198908686638,0.0009051227569580078,0.8301198482513428,corr,,,,,,
1,fog_s5,undefended_vgg,100,0.13,0.7629902216792106,0.003926231861114502,0.8929901719093323,corr,,,,,,
1,fog_s5,pgd_at,100,0.18,0.0493163289129734,0.0014832568168640136,0.22768311202526093,corr,,,,,,
1,fog_s5,trades,100,0.16,0.04354543536901476,0.0008270359039306641,0.19129924476146698,corr,,,,,,
1,fog_s5,rand_smooth,100,0.16,0.0695140065252781,0.02227553367614746,0.22361049056053162,corr,,,,,,
1,fog_s5,cardnet,100,0.16,0.03295537732541562,0.8963555169105529,0.12704461812973022,corr,149.66000366210938,0.04,0.61,0.35,,
1,brightness_s5,undefended,100,0.71,0.23608252435922628,0.0010201478004455567,0.9184562563896179,corr,,,,,,
1,brightness_s5,undefended_vgg,100,0.74,0.2453241527080536,0.004307775497436523,0.9420572519302368,corr,,,,,,
1,brightness_s5,pgd_at,100,0.27,0.12678194269537926,0.0015282940864562989,0.37463048100471497,corr,,,,,,
1,brightness_s5,trades,100,0.19,0.14708813950419422,0.0009193587303161621,0.3323560357093811,corr,,,,,,
1,brightness_s5,rand_smooth,100,0.28,0.1122434628009796,0.020446393489837646,0.36187466979026794,corr,,,,,,
1,brightness_s5,cardnet,100,0.27,0.1105475729703903,0.7166670203208924,0.159452423453331,corr,108.05000305175781,0.51,0.43,0.06,,
1,contrast_s5,undefended,100,0.17,0.3863856947422028,0.0009074664115905762,0.5538181662559509,corr,,,,,,
1,contrast_s5,undefended_vgg,100,0.12,0.35686409160494803,0.004245917797088623,0.4768640398979187,corr,,,,,,
1,contrast_s5,pgd_at,100,0.14,0.15957645282149313,0.0015357804298400878,0.29957646131515503,corr,,,,,,
1,contrast_s5,trades,100,0.13,0.1635956773161888,0.0009030008316040039,0.29042547941207886,corr,,,,,,
1,contrast_s5,rand_smooth,100,0.11,0.20556930363178255,0.02218151092529297,0.31556931138038635,corr,,,,,,
1,contrast_s5,cardnet,100,0.12,0.06207348108291626,0.9042665910720825,0.13563942909240723,corr,150.0,0.13,0.76,0.11,,
1,elastic_transform_s5,undefended,100,0.13,0.7389413574337959,0.0008233022689819336,0.8636229038238525,corr,,,,,,
1,elastic_transform_s5,undefended_vgg,100,0.15,0.7259310901165008,0.0038036084175109863,0.8617492914199829,corr,,,,,,
1,elastic_transform_s5,pgd_at,100,0.33,0.10884737610816955,0.0013678407669067384,0.3135067820549011,corr,,,,,,
1,elastic_transform_s5,trades,100,0.36,0.11194028675556182,0.0008585143089294433,0.2506977617740631,corr,,,,,,
1,elastic_transform_s5,rand_smooth,100,0.31,0.08988269552588464,0.02113112211227417,0.32020899653434753,corr,,,,,,
1,elastic_transform_s5,cardnet,100,0.35,0.20230449371039863,0.9119856667518615,0.14769549667835236,corr,145.13999938964844,0.46,0.42,0.12,,
1,pixelate_s5,undefended,100,0.2,0.6693141016364097,0.0008963871002197265,0.8453766107559204,corr,,,,,,
1,pixelate_s5,undefended_vgg,100,0.32,0.6029331940412521,0.004260172843933105,0.9229331016540527,corr,,,,,,
1,pixelate_s5,pgd_at,100,0.49,0.17208057150244713,0.0014335489273071289,0.3360987901687622,corr,,,,,,
1,pixelate_s5,trades,100,0.38,0.12988854423165322,0.0008880710601806641,0.2525433897972107,corr,,,,,,
1,pixelate_s5,rand_smooth,100,0.44,0.16396569535136224,0.0231424617767334,0.32297709584236145,corr,,,,,,
1,pixelate_s5,cardnet,100,0.47,0.3218618866801262,0.9215443634986877,0.1481381058692932,corr,147.02999877929688,0.37,0.54,0.09,,
1,jpeg_compression_s5,undefended,100,0.32,0.5022320023179054,0.001062619686126709,0.8222320079803467,corr,,,,,,
1,jpeg_compression_s5,undefended_vgg,100,0.4,0.5311569035053253,0.0044171524047851565,0.9227369427680969,corr,,,,,,
1,jpeg_compression_s5,pgd_at,100,0.67,0.24918940529227257,0.0016350531578063964,0.4208105802536011,corr,,,,,,
1,jpeg_compression_s5,trades,100,0.43,0.17829906433820725,0.0008902764320373536,0.25886303186416626,corr,,,,,,
1,jpeg_compression_s5,rand_smooth,100,0.62,0.23477984532713891,0.02412123680114746,0.38522014021873474,corr,,,,,,
1,jpeg_compression_s5,cardnet,100,0.57,0.40551712863147266,0.8265109133720397,0.16448287665843964,corr,137.72000122070312,0.56,0.35,0.09,,
0,gaussian_noise_s3,undefended,100,0.11,0.7651942491531372,0.001296241283416748,0.875194251537323,corr,,,,,,
0,gaussian_noise_s3,undefended_vgg,100,0.11,0.8166365289688109,0.005154318809509277,0.9266365766525269,corr,,,,,,
0,gaussian_noise_s3,pgd_at,100,0.59,0.18005296722054484,0.001737349033355713,0.4453824758529663,corr,,,,,,
0,gaussian_noise_s3,trades,100,0.44,0.1816527430713177,0.0009681534767150879,0.2694661319255829,corr,,,,,,
0,gaussian_noise_s3,rand_smooth,100,0.54,0.13450392335653305,0.02446827173233032,0.40549609065055847,corr,,,,,,
0,gaussian_noise_s3,cardnet,100,0.55,0.3930083812773228,1.0639789700508118,0.1569916158914566,corr,150.0,0.5,0.3,0.2,,
0,gaussian_noise_s5,undefended,100,0.1,0.6682224103808402,0.0011891508102416992,0.768222451210022,corr,,,,,,
0,gaussian_noise_s5,undefended_vgg,100,0.12,0.7133966517448426,0.004744751453399658,0.8333966135978699,corr,,,,,,
0,gaussian_noise_s5,pgd_at,100,0.33,0.15265608057379726,0.0017906880378723144,0.35265687108039856,corr,,,,,,
0,gaussian_noise_s5,trades,100,0.39,0.1501964217424393,0.00104736328125,0.2448478490114212,corr,,,,,,
0,gaussian_noise_s5,rand_smooth,100,0.39,0.09058101475238801,0.027418830394744874,0.3662899434566498,corr,,,,,,
0,gaussian_noise_s5,cardnet,100,0.41,0.30091142863035203,1.0229968881607057,0.10908856987953186,corr,150.0,0.0,0.03,0.97,,
0,shot_noise_s3,undefended,100,0.13,0.7308959075808525,0.0010818004608154296,0.8608959317207336,corr,,,,,,
0,shot_noise_s3,undefended_vgg,100,0.14,0.7617586314678193,0.004632668495178223,0.9017585515975952,corr,,,,,,
0,shot_noise_s3,pgd_at,100,0.56,0.15835680454969409,0.0016310620307922363,0.4254243075847626,corr,,,,,,
0,shot_noise_s3,trades,100,0.4,0.143683058321476,0.0010291218757629394,0.26738065481185913,corr,,,,,,
0,shot_noise_s3,rand_smooth,100,0.54,0.15771196246147157,0.023475141525268556,0.3943500816822052,corr,,,,,,
0,shot_noise_s3,cardnet,100,0.53,0.3939664261043072,0.988812165260315,0.1360335797071457,corr,150.0,0.3,0.22,0.48,,
0,shot_noise_s5,undefended,100,0.12,0.653442486524582,0.001038835048675537,0.7734423875808716,corr,,,,,,
0,shot_noise_s5,undefended_vgg,100,0.13,0.7265792724490165,0.004509983062744141,0.8565793633460999,corr,,,,,,
0,shot_noise_s5,pgd_at,100,0.3,0.08418435990810395,0.0015993118286132812,0.33758968114852905,corr,,,,,,
0,shot_noise_s5,trades,100,0.37,0.12077057957649227,0.0010519766807556153,0.24922941625118256,corr,,,,,,
0,shot_noise_s5,rand_smooth,100,0.35,0.12781590074300767,0.024367358684539795,0.3830104470252991,corr,,,,,,
0,shot_noise_s5,cardnet,100,0.35,0.24086773991584776,0.9945003318786622,0.10913226753473282,corr,150.0,0.0,0.03,0.97,,
0,impulse_noise_s3,undefended,100,0.15,0.6972176200151444,0.001129148006439209,0.8350315093994141,corr,,,,,,
0,impulse_noise_s3,undefended_vgg,100,0.19,0.7087386342883111,0.004563384056091309,0.8860628604888916,corr,,,,,,
0,impulse_noise_s3,pgd_at,100,0.59,0.1715493892133236,0.001560983657836914,0.441063791513443,corr,,,,,,
0,impulse_noise_s3,trades,100,0.42,0.1643955154716968,0.0008519315719604493,0.2663523554801941,corr,,,,,,
0,impulse_noise_s3,rand_smooth,100,0.55,0.1706190599501133,0.02224360704421997,0.4007030725479126,corr,,,,,,
0,impulse_noise_s3,cardnet,100,0.54,0.3841409397125245,1.0338013005256652,0.1558590531349182,corr,148.5,0.47,0.35,0.18,,
0,impulse_noise_s5,undefended,100,0.12,0.6321210706233978,0.0012495636940002442,0.7521210312843323,corr,,,,,,
0,impulse_noise_s5,undefended_vgg,100,0.09,0.7433559995889665,0.004213223457336426,0.8333560228347778,corr,,,,,,
0,impulse_noise_s5,pgd_at,100,0.35,0.08684751614928247,0.0016854286193847656,0.34528693556785583,corr,,,,,,
0,impulse_noise_s5,trades,100,0.39,0.14973664194345473,0.0010282468795776367,0.24026334285736084,corr,,,,,,
0,impulse_noise_s5,rand_smooth,100,0.42,0.09202029988169669,0.026813974380493166,0.3782394528388977,corr,,,,,,
0,impulse_noise_s5,cardnet,100,0.43,0.3210191105306148,1.0229295539855956,0.10898090153932571,corr,150.0,0.0,0.02,0.98,,
0,defocus_blur_s3,undefended,100,0.12,0.44769607096910474,0.0009307193756103515,0.5676960945129395,corr,,,,,,
0,defocus_blur_s3,undefended_vgg,100,0.15,0.37261493399739265,0.003869791030883789,0.5061652660369873,corr,,,,,,
0,defocus_blur_s3,pgd_at,100,0.29,0.12586882516741751,0.001534576416015625,0.31343838572502136,corr,,,,,,
0,defocus_blur_s3,trades,100,0.32,0.10876426875591277,0.0009171509742736816,0.26958993077278137,corr,,,,,,
0,defocus_blur_s3,rand_smooth,100,0.29,0.11260872036218644,0.023940582275390625,0.3277575373649597,corr,,,,,,
0,defocus_blur_s3,cardnet,100,0.3,0.1620886807143688,1.0809912371635437,0.1379113346338272,corr,148.50999450683594,0.26,0.57,0.17,,
0,defocus_blur_s5,undefended,100,0.11,0.3780299678444862,0.0013273310661315917,0.48802998661994934,corr,,,,,,
0,defocus_blur_s5,undefended_vgg,100,0.14,0.36270373091101643,0.005310740470886231,0.501631498336792,corr,,,,,,
0,defocus_blur_s5,pgd_at,100,0.26,0.12329044967889786,0.0019750714302062987,0.3178231418132782,corr,,,,,,
0,defocus_blur_s5,trades,100,0.29,0.04626100152730941,0.001126554012298584,0.2873438596725464,corr,,,,,,
0,defocus_blur_s5,rand_smooth,100,0.26,0.12505419954657554,0.030692474842071535,0.3314664363861084,corr,,,,,,
0,defocus_blur_s5,cardnet,100,0.25,0.11042033880949022,1.0666716122627258,0.1395796537399292,corr,150.0,0.29,0.52,0.19,,
0,glass_blur_s3,undefended,100,0.1,0.643334932923317,0.0009749794006347657,0.7433348298072815,corr,,,,,,
0,glass_blur_s3,undefended_vgg,100,0.15,0.6392379820346832,0.00425900936126709,0.7892381548881531,corr,,,,,,
0,glass_blur_s3,pgd_at,100,0.35,0.10368129640817643,0.0015497374534606933,0.3230747878551483,corr,,,,,,
0,glass_blur_s3,trades,100,0.32,0.07111812695860863,0.0011461901664733887,0.26590901613235474,corr,,,,,,
0,glass_blur_s3,rand_smooth,100,0.34,0.07829850226640701,0.029745528697967528,0.3282107412815094,corr,,,,,,
0,glass_blur_s3,cardnet,100,0.37,0.22997895896434783,1.020798237323761,0.14002102613449097,corr,148.6199951171875,0.29,0.48,0.23,,
0,glass_blur_s5,undefended,100,0.1,0.5297751116752625,0.0008450913429260254,0.6297751069068909,corr,,,,,,
0,glass_blur_s5,undefended_vgg,100,0.18,0.36074522614479065,0.003815755844116211,0.540745198726654,corr,,,,,,
0,glass_blur_s5,pgd_at,100,0.3,0.08173261061310769,0.001378352642059326,0.31539151072502136,corr,,,,,,
0,glass_blur_s5,trades,100,0.28,0.10198670104146004,0.0009427666664123535,0.27817028760910034,corr,,,,,,
0,glass_blur_s5,rand_smooth,100,0.26,0.13015537142753603,0.02433699369430542,0.3309771418571472,corr,,,,,,
0,glass_blur_s5,cardnet,100,0.29,0.1488975316286087,1.0285676622390747,0.14110246300697327,corr,146.83999633789062,0.33,0.52,0.15,,
0,motion_blur_s3,undefended,100,0.21,0.550666945874691,0.0009721732139587403,0.7589452862739563,corr,,,,,,
0,motion_blur_s3,undefended_vgg,100,0.22,0.603711450099945,0.004632790088653565,0.8237114548683167,corr,,,,,,
0,motion_blur_s3,pgd_at,100,0.31,0.1658807887136936,0.0018625640869140625,0.32863184809684753,corr,,,,,,
0,motion_blur_s3,trades,100,0.3,0.09465271577239036,0.0012735986709594726,0.26446157693862915,corr,,,,,,
0,motion_blur_s3,rand_smooth,100,0.33,0.10450544208288191,0.025724210739135743,0.3309951722621918,corr,,,,,,
0,motion_blur_s3,cardnet,100,0.31,0.16359360024332997,0.9729535317420959,0.1464063972234726,corr,145.19000244140625,0.36,0.45,0.19,,
0,motion_blur_s5,undefended,100,0.14,0.5941494324803351,0.0009852051734924316,0.7341494560241699,corr,,,,,,
0,motion_blur_s5,undefended_vgg,100,0.19,0.5061455291509629,0.004648647308349609,0.6858981251716614,corr,,,,,,
0,motion_blur_s5,pgd_at,100,0.26,0.0892691583931446,0.0016162848472595214,0.3226604461669922,corr,,,,,,
0,motion_blur_s5,trades,100,0.28,0.05011767938733102,0.0008629822731018067,0.2747551202774048,corr,,,,,,
0,motion_blur_s5,rand_smooth,100,0.28,0.0977640435099602,0.023828701972961427,0.33128395676612854,corr,,,,,,
0,motion_blur_s5,cardnet,100,0.29,0.14701919041574,1.0659841060638429,0.14298079907894135,corr,145.02999877929688,0.29,0.54,0.17,,
0,zoom_blur_s3,undefended,100,0.54,0.31651484221220016,0.0009870123863220215,0.8418472409248352,corr,,,,,,
0,zoom_blur_s3,undefended_vgg,100,0.67,0.2825595209002495,0.0037753605842590333,0.9308229684829712,corr,,,,,,
0,zoom_blur_s3,pgd_at,100,0.64,0.20016869664192197,0.0013809823989868165,0.43983128666877747,corr,,,,,,
0,zoom_blur_s3,trades,100,0.4,0.13034786745905877,0.0008238029479980469,0.27160558104515076,corr,,,,,,
0,zoom_blur_s3,rand_smooth,100,0.54,0.16951207593083384,0.02226450204849243,0.3882432281970978,corr,,,,,,
0,zoom_blur_s3,cardnet,100,0.53,0.3633484363555909,0.8104894733428956,0.16665154695510864,corr,110.5999984741211,0.65,0.31,0.04,,
0,zoom_blur_s5,undefended,100,0.41,0.4190586802363395,0.0009263944625854492,0.8114936351776123,corr,,,,,,
0,zoom_blur_s5,undefended_vgg,100,0.5,0.40887281984090806,0.004856655597686768,0.904228150844574,corr,,,,,,
0,zoom_blur_s5,pgd_at,100,0.58,0.1791704474389553,0.0018182897567749024,0.41272518038749695,corr,,,,,,
0,zoom_blur_s5,trades,100,0.37,0.10770390056073666,0.0011980533599853516,0.2692004442214966,corr,,,,,,
0,zoom_blur_s5,rand_smooth,100,0.53,0.1632383407652378,0.025119035243988036,0.36676162481307983,corr,,,,,,
0,zoom_blur_s5,cardnet,100,0.54,0.37813521295785907,0.9732718729972839,0.16186480224132538,corr,129.6999969482422,0.6,0.33,0.07,,
0,snow_s3,undefended,100,0.71,0.25612605512142184,0.000993802547454834,0.8815770149230957,corr,,,,,,
0,snow_s3,undefended_vgg,100,0.73,0.22065854102373123,0.006210856437683106,0.9443109631538391,corr,,,,,,
0,snow_s3,pgd_at,100,0.41,0.09423040151596068,0.0020451641082763674,0.4118630588054657,corr,,,,,,
0,snow_s3,trades,100,0.2,0.10438090711832046,0.001241757869720459,0.28376051783561707,corr,,,,,,
0,snow_s3,rand_smooth,100,0.42,0.157790574580431,0.025127317905426026,0.3490388095378876,corr,,,,,,
0,snow_s3,cardnet,100,0.4,0.24230340301990508,0.8696202063560486,0.15769660472869873,corr,118.72000122070312,0.56,0.38,0.06,,
0,snow_s5,undefended,100,0.44,0.4381677016615868,0.001029651165008545,0.8672144412994385,corr,,,,,,
0,snow_s5,undefended_vgg,100,0.48,0.46705736815929416,0.004329874515533448,0.9379093647003174,corr,,,,,,
0,snow_s5,pgd_at,100,0.27,0.1319415259361267,0.0015559053421020507,0.3792228400707245,corr,,,,,,
0,snow_s5,trades,100,0.12,0.22024158269166946,0.0008991241455078125,0.34024161100387573,corr,,,,,,
0,snow_s5,rand_smooth,100,0.23,0.13798237264156343,0.023927533626556398,0.33252978324890137,corr,,,,,,
0,snow_s5,cardnet,100,0.24,0.08635447733104229,0.9493059968948364,0.15364551544189453,corr,142.05999755859375,0.52,0.45,0.03,,
0,frost_s3,undefended,100,0.54,0.30831500589847566,0.0009675216674804687,0.8393810391426086,corr,,,,,,
0,frost_s3,undefended_vgg,100,0.64,0.32787331849336626,0.0039135956764221195,0.94126296043396,corr,,,,,,
0,frost_s3,pgd_at,100,0.25,0.14110110029578207,0.0014623880386352539,0.37426289916038513,corr,,,,,,
0,frost_s3,trades,100,0.13,0.23470977798104284,0.0007845926284790039,0.3595837652683258,corr,,,,,,
0,frost_s3,rand_smooth,100,0.19,0.16884358391165735,0.022261910438537598,0.3521508276462555,corr,,,,,,
0,frost_s3,cardnet,100,0.24,0.08392828002572059,0.8759859895706177,0.1560717225074768,corr,122.5999984741211,0.54,0.38,0.08,,
0,frost_s5,undefended,100,0.53,0.33247347325086596,0.0008824467658996582,0.8483070135116577,corr,,,,,,
0,frost_s5,undefended_vgg,100,0.63,0.33850830405950555,0.0057840895652770995,0.9273008704185486,corr,,,,,,
0,frost_s5,pgd_at,100,0.22,0.15244319185614585,0.0016211247444152832,0.3502477705478668,corr,,,,,,
0,frost_s5,trades,100,0.1,0.26615346506237986,0.0009311485290527344,0.3638249635696411,corr,,,,,,
0,frost_s5,rand_smooth,100,0.18,0.19649512857198717,0.02367304801940918,0.3511066436767578,corr,,,,,,
0,frost_s5,cardnet,100,0.16,0.013653060123324385,0.9943850231170654,0.15800775587558746,corr,136.2100067138672,0.64,0.28,0.08,,
0,fog_s3,undefended,100,0.23,0.6193507072329522,0.0010111355781555176,0.8493507504463196,corr,,,,,,
0,fog_s3,undefended_vgg,100,0.33,0.503167832493782,0.004110543727874756,0.8331677913665771,corr,,,,,,
0,fog_s3,pgd_at,100,0.25,0.05222116678953171,0.0015181469917297363,0.2276037037372589,corr,,,,,,
0,fog_s3,trades,100,0.18,0.11385672777891159,0.0008597183227539063,0.20117062330245972,corr,,,,,,
0,fog_s3,rand_smooth,100,0.27,0.058923358023166665,0.0218035888671875,0.22732456028461456,corr,,,,,,
0,fog_s3,cardnet,100,0.24,0.11071278259158135,0.895989716053009,0.1292872279882431,corr,132.67999267578125,0.09,0.65,0.26,,
0,fog_s5,undefended,100,0.15,0.6847209206223488,0.0008611083030700684,0.8347209095954895,corr,,,,,,
0,fog_s5,undefended_vgg,100,0.14,0.7617684254050254,0.011443474292755128,0.9017684459686279,corr,,,,,,
0,fog_s5,pgd_at,100,0.15,0.07789846867322921,0.0018098688125610352,0.2278984636068344,corr,,,,,,
0,fog_s5,trades,100,0.13,0.08471546262502672,0.0009695625305175781,0.1932346224784851,corr,,,,,,
0,fog_s5,rand_smooth,100,0.11,0.12031371757388115,0.022294223308563232,0.2301451563835144,corr,,,,,,
0,fog_s5,cardnet,100,0.14,0.011726817712187764,1.1410749530792237,0.12827318906784058,corr,150.0,0.07,0.7,0.23,,
0,brightness_s3,undefended,100,0.84,0.11334538877010342,0.0010091042518615722,0.941677987575531,corr,,,,,,
0,brightness_s3,undefended_vgg,100,0.86,0.13649792373180397,0.005605149269104004,0.9736736416816711,corr,,,,,,
0,brightness_s3,pgd_at,100,0.5,0.14411712288856507,0.0020815110206604003,0.42047855257987976,corr,,,,,,
0,brightness_s3,trades,100,0.26,0.06294045343995094,0.0010281968116760253,0.2938418686389923,corr,,,,,,
0,brightness_s3,rand_smooth,100,0.53,0.19940663903951641,0.027313382625579835,0.371451199054718,corr,,,,,,
0,brightness_s3,cardnet,100,0.48,0.31535420507192613,0.7426332068443299,0.16464579105377197,corr,88.7300033569336,0.57,0.38,0.05,,
0,brightness_s5,undefended,100,0.69,0.20834398239851004,0.0009625244140625,0.8946979641914368,corr,,,,,,
0,brightness_s5,undefended_vgg,100,0.76,0.20313053458929056,0.007170884609222412,0.9631304740905762,corr,,,,,,
0,brightness_s5,pgd_at,100,0.25,0.14072521954774858,0.0021317219734191895,0.3444860577583313,corr,,,,,,
0,brightness_s5,trades,100,0.09,0.2552206100523472,0.0014556288719177247,0.31515711545944214,corr,,,,,,
0,brightness_s5,rand_smooth,100,0.22,0.14149728730320932,0.024087350368499755,0.35636380314826965,corr,,,,,,
0,brightness_s5,cardnet,100,0.23,0.08577782072126866,0.9206928777694703,0.15979114174842834,corr,113.91999816894531,0.58,0.39,0.03,,
0,contrast_s3,undefended,100,0.21,0.545347117781639,0.0012350678443908691,0.7497747540473938,corr,,,,,,
0,contrast_s3,undefended_vgg,100,0.27,0.43517960697412494,0.005697128772735596,0.6963688731193542,corr,,,,,,
0,contrast_s3,pgd_at,100,0.24,0.1368875528872013,0.0017940235137939454,0.30369651317596436,corr,,,,,,
0,contrast_s3,trades,100,0.19,0.12596790850162506,0.0011487436294555665,0.28022825717926025,corr,,,,,,
0,contrast_s3,rand_smooth,100,0.17,0.18412233278155327,0.025007591247558594,0.3159438669681549,corr,,,,,,
0,contrast_s3,cardnet,100,0.18,0.04088557936251164,0.8529560256004334,0.14570516347885132,corr,130.61000061035156,0.43,0.51,0.06,,
0,contrast_s5,undefended,100,0.15,0.39136583417654036,0.001108424663543701,0.5413658022880554,corr,,,,,,
0,contrast_s5,undefended_vgg,100,0.12,0.3766497354209423,0.003934168815612793,0.4930587708950043,corr,,,,,,
0,contrast_s5,pgd_at,100,0.23,0.1256768724322319,0.0017391657829284668,0.30287203192710876,corr,,,,,,
0,contrast_s5,trades,100,0.16,0.14231658354401588,0.0010564112663269043,0.29044684767723083,corr,,,,,,
0,contrast_s5,rand_smooth,100,0.12,0.23821749106049536,0.02465679168701172,0.3218991756439209,corr,,,,,,
0,contrast_s5,cardnet,100,0.14,0.045206598564982416,1.0034004044532776,0.13772162795066833,corr,150.0,0.22,0.61,0.17,,
0,elastic_transform_s3,undefended,100,0.18,0.6788418054580689,0.0010372591018676758,0.8466108441352844,corr,,,,,,
0,elastic_transform_s3,undefended_vgg,100,0.15,0.7209398677945138,0.0038602375984191895,0.8709398508071899,corr,,,,,,
0,elastic_transform_s3,pgd_at,100,0.48,0.16804695591330523,0.0014763927459716796,0.3525925576686859,corr,,,,,,
0,elastic_transform_s3,trades,100,0.41,0.14861674100160602,0.0008150649070739746,0.26318585872650146,corr,,,,,,
0,elastic_transform_s3,rand_smooth,100,0.45,0.147262841463089,0.023472158908843993,0.33855748176574707,corr,,,,,,
0,elastic_transform_s3,cardnet,100,0.45,0.2951496826857329,0.9106605005264282,0.1548503190279007,corr,135.02999877929688,0.52,0.39,0.09,,
0,elastic_transform_s5,undefended,100,0.12,0.7593047982454301,0.0009345841407775879,0.8793048858642578,corr,,,,,,
0,elastic_transform_s5,undefended_vgg,100,0.16,0.6901538345217705,0.0045919156074523924,0.8501538038253784,corr,,,,,,
0,elastic_transform_s5,pgd_at,100,0.36,0.12143219545483591,0.0015405654907226563,0.33460667729377747,corr,,,,,,
0,elastic_transform_s5,trades,100,0.33,0.09835366263985636,0.0009276390075683594,0.2601461410522461,corr,,,,,,
0,elastic_transform_s5,rand_smooth,100,0.39,0.07371671840548515,0.02342240810394287,0.33701393008232117,corr,,,,,,
0,elastic_transform_s5,cardnet,100,0.34,0.18787016987800598,1.018830680847168,0.15212982892990112,corr,142.50999450683594,0.51,0.36,0.13,,
0,pixelate_s3,undefended,100,0.22,0.5873051902651787,0.0011072850227355957,0.8073051571846008,corr,,,,,,
0,pixelate_s3,undefended_vgg,100,0.35,0.6013241797685622,0.004168181419372558,0.9311394691467285,corr,,,,,,
0,pixelate_s3,pgd_at,100,0.6,0.20550090998411183,0.001341252326965332,0.40553179383277893,corr,,,,,,
0,pixelate_s3,trades,100,0.41,0.14512632459402083,0.0008009219169616699,0.2693648636341095,corr,,,,,,
0,pixelate_s3,rand_smooth,100,0.5,0.12544261917471883,0.02383877515792847,0.3808627426624298,corr,,,,,,
0,pixelate_s3,cardnet,100,0.51,0.35052310839295386,1.0433041763305664,0.1594768911600113,corr,145.52999877929688,0.55,0.36,0.09,,
0,pixelate_s5,undefended,100,0.18,0.6519160318374635,0.0010496234893798827,0.8319160342216492,corr,,,,,,
0,pixelate_s5,undefended_vgg,100,0.24,0.6793449220061303,0.004348599910736084,0.9193448424339294,corr,,,,,,
0,pixelate_s5,pgd_at,100,0.52,0.2056559081375599,0.0014281964302062988,0.35214024782180786,corr,,,,,,
0,pixelate_s5,trades,100,0.43,0.16736790910363197,0.0008424472808837891,0.2644347548484802,corr,,,,,,
0,pixelate_s5,rand_smooth,100,0.42,0.13653712272644042,0.021020636558532715,0.34471800923347473,corr,,,,,,
0,pixelate_s5,cardnet,100,0.44,0.2874375240504742,0.9825000786781312,0.1525624841451645,corr,150.0,0.49,0.4,0.11,,
0,jpeg_compression_s3,undefended,100,0.49,0.3532996687293053,0.0008733487129211426,0.8432996869087219,corr,,,,,,
0,jpeg_compression_s3,undefended_vgg,100,0.51,0.4067607706785201,0.003855392932891846,0.9064823389053345,corr,,,,,,
0,jpeg_compression_s3,pgd_at,100,0.62,0.1671106526255607,0.0014791035652160645,0.460231751203537,corr,,,,,,
0,jpeg_compression_s3,trades,100,0.41,0.1357861641049385,0.0008422088623046875,0.2742138206958771,corr,,,,,,
0,jpeg_compression_s3,rand_smooth,100,0.56,0.17870258256793023,0.022205376625061037,0.4087758958339691,corr,,,,,,
0,jpeg_compression_s3,cardnet,100,0.55,0.3804684318602085,0.83610191822052,0.16953156888484955,corr,123.8499984741211,0.66,0.29,0.05,,
0,jpeg_compression_s5,undefended,100,0.3,0.5040604075789451,0.0008131480216979981,0.8040603399276733,corr,,,,,,
0,jpeg_compression_s5,undefended_vgg,100,0.43,0.44643938243389125,0.003650789260864258,0.8634180426597595,corr,,,,,,
0,jpeg_compression_s5,pgd_at,100,0.66,0.23664169147610664,0.0013447117805480957,0.4291788935661316,corr,,,,,,
0,jpeg_compression_s5,trades,100,0.42,0.1624023336172104,0.0008099055290222167,0.2765404284000397,corr,,,,,,
0,jpeg_compression_s5,rand_smooth,100,0.52,0.20805069088935849,0.02313692569732666,0.39440226554870605,corr,,,,,,
0,jpeg_compression_s5,cardnet,100,0.56,0.39319866560399536,0.9358302903175354,0.1668013334274292,corr,138.97999572753906,0.7,0.24,0.06,,
1,clean,undefended,240,0.9166666666666666,0.056161984925468804,0.0011443376541137695,0.9587699770927429,adv,,,,,,
1,clean,undefended_vgg,240,0.925,0.06273393904169401,0.003876634438832601,0.9825407862663269,adv,,,,,,
1,clean,pgd_at,240,0.6708333333333333,0.18431512620300053,0.001111076275507609,0.4865182340145111,adv,,,,,,
1,clean,trades,240,0.4,0.13234816696494817,0.0006495376427968343,0.2731545865535736,adv,,,,,,
1,clean,rand_smooth,240,0.5916666666666667,0.1940436343972882,0.014310727516810099,0.415182888507843,adv,,,,,,
1,clean,cardnet,240,0.6166666666666667,0.438539661684384,0.4275109012921651,0.1781270056962967,adv,70.37916564941406,0.6333333333333333,0.32083333333333336,0.04583333333333333,,
1,clean,abl_no_fusion,240,0.6166666666666667,0.19984873865420616,0.4275109012921651,0.417853444814682,adv,70.37916564941406,0.9916666666666667,0.008333333333333333,0.0,,
1,clean,abl_no_smooth,240,0.5916666666666667,0.3998997424108287,0.41341037054856616,0.19176693260669708,adv,70.37916564941406,0.7708333333333334,0.2,0.029166666666666667,,
1,clean,abl_single_teacher,240,0.6125,0.4224390032390753,0.4280938257773717,0.19006100296974182,adv,70.37916564941406,0.7083333333333334,0.24166666666666667,0.05,,
1,clean,abl_no_purify,240,0.5916666666666667,0.4144590701597433,0.016304964820543926,0.1772076040506363,adv,0.0,0.6333333333333333,0.30833333333333335,0.058333333333333334,,
1,clean,abl_no_detect,240,0.5958333333333333,0.1813006466254592,0.6303192367156347,0.4158889651298523,adv,100.0,0.9958333333333333,0.004166666666666667,0.0,,
1,fgsm_2,undefended,240,0.24583333333333332,0.6555313615749281,0.0006168435017267863,0.8960321545600891,adv,,,,,,
1,fgsm_2,undefended_vgg,240,0.5708333333333333,0.40537644575039544,0.003184715906778971,0.9718206524848938,adv,,,,,,
1,fgsm_2,pgd_at,240,0.6,0.1473859553535779,0.0009543279806772868,0.45843011140823364,adv,,,,,,
1,fgsm_2,trades,240,0.3625,0.09741822282473243,0.000559769074122111,0.2684054374694824,adv,,,,,,
1,fgsm_2,rand_smooth,240,0.5375,0.14837811297426623,0.016023544470469157,0.4004402160644531,adv,,,,,,
1,fgsm_2,cardnet,240,0.55,0.3760854679470261,0.43479477663834887,0.17391452193260193,adv,77.45417022705078,0.5958333333333333,0.3541666666666667,0.05,,
1,fgsm_4,undefended,240,0.15,0.7536762672166029,0.0006500939528147379,0.9036762118339539,adv,,,,,,
1,fgsm_4,undefended_vgg,240,0.44583333333333336,0.5257705037792524,0.0033808221419652303,0.9716037511825562,adv,,,,,,
1,fgsm_4,pgd_at,240,0.5333333333333333,0.10284385327249766,0.0010769466559092204,0.4358725845813751,adv,,,,,,
1,fgsm_4,trades,240,0.325,0.08809140771627427,0.0006159067153930664,0.2646555006504059,adv,,,,,,
1,fgsm_4,rand_smooth,240,0.4666666666666667,0.09084224638839562,0.015019723773002624,0.38665831089019775,adv,,,,,,
1,fgsm_4,cardnet,240,0.4875,0.3164653503956894,0.46171176930268604,0.17103464901447296,adv,82.9124984741211,0.5916666666666667,0.3625,0.04583333333333333,,
1,fgsm_8,undefended,240,0.12083333333333333,0.740730545297265,0.0005408296982447306,0.8591769933700562,adv,,,,,,
1,fgsm_8,undefended_vgg,240,0.3541666666666667,0.5985943733404081,0.0029023398955663046,0.9413927793502808,adv,,,,,,
1,fgsm_8,pgd_at,240,0.3333333333333333,0.097032025270164,0.0008872240781784057,0.41437920928001404,adv,,,,,,
1,fgsm_8,trades,240,0.26666666666666666,0.04570063290496666,0.0005948414405186971,0.2594659626483917,adv,,,,,,
1,fgsm_8,rand_smooth,240,0.3416666666666667,0.0750264182065924,0.014358816544214885,0.37079283595085144,adv,,,,,,
1,fgsm_8,cardnet,240,0.4,0.23429539020483697,0.5021269977092743,0.1657046228647232,adv,96.08333587646484,0.5625,0.3458333333333333,0.09166666666666666,,
1,pgd10_2,undefended,240,0.016666666666666666,0.9801008840401968,0.0010300536950429281,0.9952373504638672,adv,,,,,,
1,pgd10_2,undefended_vgg,240,0.30416666666666664,0.6972816156844297,0.004421065251032512,0.985021710395813,adv,,,,,,
1,pgd10_2,pgd_at,240,0.5958333333333333,0.1427045468861858,0.0015610665082931518,0.4581194519996643,adv,,,,,,
1,pgd10_2,trades,240,0.3625,0.09747776507089534,0.0009494851032892863,0.2683364748954773,adv,,,,,,
1,pgd10_2,rand_smooth,240,0.5291666666666667,0.14461527174959582,0.02339114248752594,0.401084840297699,adv,,,,,,
1,pgd10_2,cardnet,240,0.55,0.3760056044595937,0.6833511263132095,0.17399437725543976,adv,77.90833282470703,0.6125,0.3375,0.05,,
1,pgd10_4,undefended,240,0.0,0.9987183138728142,0.000944778323173523,0.9987183809280396,adv,,,,,,
1,pgd10_4,undefended_vgg,240,0.075,0.9118496414273977,0.00402587354183197,0.9832521080970764,adv,,,,,,
1,pgd10_4,pgd_at,240,0.5125,0.09205945959935587,0.0013530413309733073,0.4351305067539215,adv,,,,,,
1,pgd10_4,trades,240,0.325,0.08820809678484998,0.0008104523022969564,0.26445990800857544,adv,,,,,,
1,pgd10_4,rand_smooth,240,0.4708333333333333,0.09011787511408327,0.021550408005714415,0.39041417837142944,adv,,,,,,
1,pgd10_4,cardnet,240,0.5125,0.3411936086292069,0.581847361723582,0.17130638659000397,adv,82.55833435058594,0.575,0.36666666666666664,0.058333333333333334,,
1,pgd10_8,undefended,240,0.0,0.9999986117084821,0.0010819425185521444,0.9999986290931702,adv,,,,,,
1,pgd10_8,undefended_vgg,240,0.0,0.9999524161219597,0.0043534964323043825,0.9999523758888245,adv,,,,,,
1,pgd10_8,pgd_at,240,0.3,0.1266678356875976,0.0015938282012939453,0.4222802519798279,adv,,,,,,
1,pgd10_8,trades,240,0.25416666666666665,0.04599841882785161,0.0010398189226786295,0.25942718982696533,adv,,,,,,
1,pgd10_8,rand_smooth,240,0.32083333333333336,0.07659865642587343,0.024830867846806843,0.3818454146385193,adv,,,,,,
1,pgd10_8,cardnet,240,0.38333333333333336,0.216432639490813,0.5767768174409866,0.16690069437026978,adv,96.59166717529297,0.5666666666666667,0.36666666666666664,0.06666666666666667,,
1,pgd10_8,abl_no_fusion,240,0.38333333333333336,0.06606284733861684,0.5767768174409866,0.38556092977523804,adv,96.59166717529297,0.9958333333333333,0.004166666666666667,0.0,,
1,pgd10_8,abl_no_smooth,240,0.22083333333333333,0.049434378184378146,0.5575207531452179,0.18223866820335388,adv,96.59166717529297,0.725,0.24583333333333332,0.029166666666666667,,
1,pgd10_8,abl_single_teacher,240,0.4125,0.2361914577273031,0.580482300122579,0.1763085424900055,adv,96.59166717529297,0.6416666666666667,0.29583333333333334,0.0625,,
1,pgd10_8,abl_no_purify,240,0.31666666666666665,0.15028970803444586,0.023324082295099895,0.1663769632577896,adv,0.0,0.5833333333333334,0.3416666666666667,0.075,,
1,pgd10_8,abl_no_detect,240,0.4,0.09620569671193761,0.641276611884435,0.3881945312023163,adv,100.0,0.9958333333333333,0.004166666666666667,0.0,,
1,pgd40_8,undefended,240,0.0,1.0,0.0008817692597707113,1.0,adv,,,,,,
1,pgd40_8,undefended_vgg,240,0.0,0.9999846071004868,0.003807663917541504,0.999984622001648,adv,,,,,,
1,pgd40_8,pgd_at,240,0.2875,0.1382294721901417,0.0013515174388885498,0.4257294833660126,adv,,,,,,
1,pgd40_8,trades,240,0.25,0.05025165242453417,0.0008577376604080201,0.259472519159317,adv,,,,,,
1,pgd40_8,rand_smooth,240,0.30416666666666664,0.10408801498512428,0.02147074043750763,0.3879346251487732,adv,,,,,,
1,pgd40_8,cardnet,240,0.4083333333333333,0.24130429380262894,0.6632477919260661,0.16702903807163239,adv,100.05833435058594,0.6083333333333333,0.32083333333333336,0.07083333333333333,,
1,cw,undefended,100,0.01,0.8921905779838561,0.0009557819366455078,0.902190625667572,adv,,,,,,
1,cw,undefended_vgg,100,0.0,0.8815188157558441,0.004237802028656006,0.8815188407897949,adv,,,,,,
1,cw,pgd_at,100,0.4,0.15331666514277462,0.0015594005584716798,0.4548526406288147,adv,,,,,,
1,cw,trades,100,0.4,0.15645366579294206,0.0010513687133789063,0.2760567367076874,adv,,,,,,
1,cw,rand_smooth,100,0.62,0.21520261228084564,0.024863126277923583,0.4070099890232086,adv,,,,,,
1,cw,cardnet,100,0.59,0.41512647755444054,0.6249969768524171,0.17487353086471558,adv,84.05000305175781,0.67,0.26,0.07,,
0,bpda_pgd10_4,cardnet,120,0.49166666666666664,0.3207605251421531,0.3962285002072652,0.17090614140033722,adaptive,69.36666870117188,0.6416666666666667,0.325,0.03333333333333333,1.0,True
0,bpda_pgd10_4,abl_no_fusion,120,0.49166666666666664,0.15632259224851927,0.3962285002072652,0.3938392698764801,adaptive,69.36666870117188,1.0,0.0,0.0,1.0,True
0,bpda_pgd10_4,abl_no_smooth,120,0.31666666666666665,0.16259866400311387,0.38396220008532206,0.18119685351848602,adaptive,69.36666870117188,0.7,0.275,0.025,1.0,True
0,bpda_pgd10_4,abl_no_purify,120,0.5,0.32914517776419716,0.012783187627792358,0.1708548218011856,adaptive,0.0,0.65,0.325,0.025,1.0,True
0,bpda_pgd10_4,abl_no_detect,120,0.5166666666666667,0.1438633218407631,0.512206087509791,0.4013664126396179,adaptive,100.0,0.9916666666666667,0.008333333333333333,0.0,1.0,True
0,oblivious_pgd10_4,cardnet,120,0.525,0.35373694549004236,0.4060013433297475,0.17126303911209106,adaptive,70.93333435058594,0.6666666666666666,0.2916666666666667,0.041666666666666664,0.0,False
0,oblivious_pgd10_4,abl_no_fusion,120,0.525,0.15385778384904064,0.4060013433297475,0.3968687653541565,adaptive,70.93333435058594,1.0,0.0,0.0,0.0,False
0,oblivious_pgd10_4,abl_no_smooth,120,0.35,0.170393358108898,0.3928614755471547,0.17960664629936218,adaptive,70.93333435058594,0.725,0.23333333333333334,0.041666666666666664,0.0,False
0,oblivious_pgd10_4,abl_no_purify,120,0.4666666666666667,0.2965881624569495,0.014310642083485921,0.17007851600646973,adaptive,0.0,0.6416666666666667,0.31666666666666665,0.041666666666666664,0.0,False
0,oblivious_pgd10_4,abl_no_detect,120,0.5083333333333333,0.18371745832264424,0.5323413113753,0.3988749086856842,adaptive,100.0,1.0,0.0,0.0,0.0,False
0,bpda_pgd10_8,cardnet,120,0.36666666666666664,0.2010820069039861,0.4310442229111989,0.16558465361595154,adaptive,83.43333435058594,0.6083333333333333,0.36666666666666664,0.025,1.0,True
0,bpda_pgd10_8,abl_no_fusion,120,0.36666666666666664,0.12952279684444268,0.4310442229111989,0.38048478960990906,adaptive,83.43333435058594,0.9916666666666667,0.008333333333333333,0.0,1.0,True
0,bpda_pgd10_8,abl_no_smooth,120,0.24166666666666667,0.0796600597600142,0.41921652952829996,0.17863693833351135,adaptive,83.43333435058594,0.7166666666666667,0.25,0.03333333333333333,1.0,True
0,bpda_pgd10_8,abl_no_purify,120,0.2916666666666667,0.12642372374733288,0.013886749744415283,0.16524295508861542,adaptive,0.0,0.6083333333333333,0.35,0.041666666666666664,1.0,True
0,bpda_pgd10_8,abl_no_detect,120,0.44166666666666665,0.11088698146243889,0.517946602900823,0.3863653838634491,adaptive,100.0,0.9916666666666667,0.008333333333333333,0.0,1.0,True
0,oblivious_pgd10_8,cardnet,120,0.425,0.259815014898777,0.45820940335591637,0.16518498957157135,adaptive,89.94166564941406,0.6166666666666667,0.325,0.058333333333333334,0.0,False
0,oblivious_pgd10_8,abl_no_fusion,120,0.425,0.14306424371898174,0.45820940335591637,0.37995612621307373,adaptive,89.94166564941406,1.0,0.0,0.0,0.0,False
0,oblivious_pgd10_8,abl_no_smooth,120,0.24166666666666667,0.07112181323270002,0.4459161162376404,0.18101271986961365,adaptive,89.94166564941406,0.7666666666666667,0.2,0.03333333333333333,0.0,False
0,oblivious_pgd10_8,abl_no_purify,120,0.2916666666666667,0.12645911847551664,0.012670465310414632,0.16745443642139435,adaptive,0.0,0.6166666666666667,0.325,0.058333333333333334,0.0,False
0,oblivious_pgd10_8,abl_no_detect,120,0.43333333333333335,0.1612206730991602,0.5110303123792013,0.38770535588264465,adaptive,100.0,0.9916666666666667,0.008333333333333333,0.0,0.0,False
0,clean,undefended,240,0.9041666666666667,0.06833443132539593,0.010364498694737751,0.9628795385360718,adv,,,,,,
0,clean,undefended_vgg,240,0.9,0.08625761320193615,0.007126388947168986,0.9794877767562866,adv,,,,,,
0,clean,pgd_at,240,0.6583333333333333,0.15441359225660567,0.0011273423830668132,0.5039197206497192,adv,,,,,,
0,clean,trades,240,0.4083333333333333,0.1395845982556542,0.0006500919659932455,0.2764033377170563,adv,,,,,,
0,clean,rand_smooth,240,0.5875,0.16222860651711626,0.014988631010055542,0.4330596327781677,adv,,,,,,
0,clean,cardnet,240,0.5958333333333333,0.4122205229165653,0.47209253907203674,0.18361282348632812,adv,64.74166870117188,0.7125,0.24583333333333332,0.041666666666666664,,
0,clean,abl_no_fusion,240,0.5958333333333333,0.16915402921537556,0.47209253907203674,0.4347139596939087,adv,64.74166870117188,1.0,0.0,0.0,,
0,clean,abl_no_smooth,240,0.575,0.3807053018982211,0.4582252373298009,0.19429470598697662,adv,64.74166870117188,0.7708333333333334,0.2125,0.016666666666666666,,
0,clean,abl_single_teacher,240,0.5958333333333333,0.4023038210347295,0.4728301097949346,0.19352951645851135,adv,64.74166870117188,0.7416666666666667,0.225,0.03333333333333333,,
0,clean,abl_no_purify,240,0.5833333333333334,0.39981435208270943,0.014708836873372396,0.18351897597312927,adv,0.0,0.6958333333333333,0.275,0.029166666666666667,,
0,clean,abl_no_detect,240,0.575,0.14989267320682606,0.5990170359611511,0.4348360002040863,adv,100.0,0.9958333333333333,0.004166666666666667,0.0,,
0,fgsm_2,undefended,240,0.32916666666666666,0.5825288627296685,0.0006527751684188843,0.9058870077133179,adv,,,,,,
0,fgsm_2,undefended_vgg,240,0.5666666666666667,0.4110824037343265,0.0028991957505544027,0.9718748927116394,adv,,,,,,
0,fgsm_2,pgd_at,240,0.5916666666666667,0.11876057007660466,0.0009596119324366252,0.4809909760951996,adv,,,,,,
0,fgsm_2,trades,240,0.3541666666666667,0.11021475555996099,0.0005730857451756795,0.27211514115333557,adv,,,,,,
0,fgsm_2,rand_smooth,240,0.5208333333333334,0.12096941638737917,0.015298386414845785,0.41480329632759094,adv,,,,,,
0,fgsm_2,cardnet,240,0.5541666666666667,0.37542000093186895,0.42639651596546174,0.17874667048454285,adv,70.4000015258789,0.6625,0.3,0.0375,,
0,fgsm_4,undefended,240,0.24583333333333332,0.6386642636110386,0.0005396296580632528,0.8844976425170898,adv,,,,,,
0,fgsm_4,undefended_vgg,240,0.4791666666666667,0.5027456089854241,0.0034215619166692098,0.9775251746177673,adv,,,,,,
0,fgsm_4,pgd_at,240,0.5458333333333333,0.11174569645275671,0.0009553263584772746,0.46123912930488586,adv,,,,,,
0,fgsm_4,trades,240,0.3,0.0729842854042848,0.0006091505289077759,0.26955145597457886,adv,,,,,,
0,fgsm_4,rand_smooth,240,0.4583333333333333,0.08203890547156335,0.015331148107846578,0.39865049719810486,adv,,,,,,
0,fgsm_4,cardnet,240,0.5125,0.3375277111927668,0.41608635385831194,0.1749722957611084,adv,74.07917022705078,0.675,0.29583333333333334,0.029166666666666667,,
0,fgsm_8,undefended,240,0.1875,0.6625870436429977,0.0005936384201049805,0.8485047221183777,adv,,,,,,
0,fgsm_8,undefended_vgg,240,0.4041666666666667,0.5511836133897305,0.0028113603591918947,0.9553502202033997,adv,,,,,,
0,fgsm_8,pgd_at,240,0.3875,0.09413477828105292,0.0009036779403686524,0.4338074326515198,adv,,,,,,
0,fgsm_8,trades,240,0.2375,0.04742901778469483,0.0005610515673955282,0.26674118638038635,adv,,,,,,
0,fgsm_8,rand_smooth,240,0.31666666666666665,0.11254185897608598,0.015523111820220948,0.3844938278198242,adv,,,,,,
0,fgsm_8,cardnet,240,0.3875,0.21895694599176443,0.43502945800622306,0.16854305565357208,adv,90.05833435058594,0.6333333333333333,0.3125,0.05416666666666667,,
0,pgd10_2,undefended,240,0.029166666666666667,0.9594412845869857,0.0005828420321146647,0.9886079430580139,adv,,,,,,
0,pgd10_2,undefended_vgg,240,0.325,0.6716252053777377,0.0030270546674728395,0.991180956363678,adv,,,,,,
0,pgd10_2,pgd_at,240,0.5916666666666667,0.1190684114272396,0.000905333956082662,0.4807150661945343,adv,,,,,,
0,pgd10_2,trades,240,0.3541666666666667,0.11022020634263754,0.0005559235811233521,0.2720666825771332,adv,,,,,,
0,pgd10_2,rand_smooth,240,0.5291666666666667,0.13773388161013522,0.014421858390172322,0.41508209705352783,adv,,,,,,
0,pgd10_2,cardnet,240,0.55,0.3709057290727893,0.39427710076173145,0.17909428477287292,adv,70.73750305175781,0.7083333333333334,0.2625,0.029166666666666667,,
0,pgd10_4,undefended,240,0.0,0.9993145157893499,0.0005965620279312134,0.9993144869804382,adv,,,,,,
0,pgd10_4,undefended_vgg,240,0.09583333333333334,0.8999695447583993,0.0033353328704833984,0.9937829375267029,adv,,,,,,
0,pgd10_4,pgd_at,240,0.5291666666666667,0.1224439047276974,0.0009496470292409261,0.4611095190048218,adv,,,,,,
0,pgd10_4,trades,240,0.30416666666666664,0.07710000968848668,0.0006113022565841675,0.2694287598133087,adv,,,,,,
0,pgd10_4,rand_smooth,240,0.45416666666666666,0.07106290186444919,0.015434582034746807,0.4004282057285309,adv,,,,,,
0,pgd10_4,cardnet,240,0.49583333333333335,0.3212535293151936,0.4107264051834742,0.17457981407642365,adv,75.94583129882812,0.6625,0.3,0.0375,,
0,pgd10_8,undefended,240,0.0,0.9999979322155317,0.0006129185358683269,0.9999979734420776,adv,,,,,,
0,pgd10_8,undefended_vgg,240,0.004166666666666667,0.9949332008759182,0.0034241676330566406,0.999099850654602,adv,,,,,,
0,pgd10_8,pgd_at,240,0.3375,0.1022381150474151,0.0009758085012435913,0.4388332962989807,adv,,,,,,
0,pgd10_8,trades,240,0.22916666666666666,0.04435748861481747,0.0005987544854482014,0.26686185598373413,adv,,,,,,
0,pgd10_8,rand_smooth,240,0.2875,0.12861194051802158,0.012008127570152283,0.39534008502960205,adv,,,,,,
0,pgd10_8,cardnet,240,0.36666666666666664,0.19779903910433252,0.45417750080426533,0.16886761784553528,adv,90.5875015258789,0.6083333333333333,0.325,0.06666666666666667,,
0,pgd10_8,abl_no_fusion,240,0.36666666666666664,0.07943558332820733,0.45417750080426533,0.39213791489601135,adv,90.5875015258789,1.0,0.0,0.0,,
0,pgd10_8,abl_no_smooth,240,0.24583333333333332,0.0618262047568957,0.440840099255244,0.18411429226398468,adv,90.5875015258789,0.7416666666666667,0.2375,0.020833333333333332,,
0,pgd10_8,abl_single_teacher,240,0.4083333333333333,0.23004066913078225,0.4555612603823344,0.1782926619052887,adv,90.5875015258789,0.6708333333333333,0.30416666666666664,0.025,,
0,pgd10_8,abl_no_purify,240,0.2833333333333333,0.11417948476349314,0.013828280568122863,0.1691538542509079,adv,0.0,0.6208333333333333,0.325,0.05416666666666667,,
0,pgd10_8,abl_no_detect,240,0.4,0.04863870119055113,0.5624652942021688,0.39764559268951416,adv,100.0,0.9958333333333333,0.004166666666666667,0.0,,
0,pgd40_8,undefended,240,0.0,1.0,0.004766573508580525,1.0,adv,,,,,,
0,pgd40_8,undefended_vgg,240,0.0,0.9999852324525516,0.008546228210131327,0.9999852776527405,adv,,,,,,
0,pgd40_8,pgd_at,240,0.3375,0.10434858798980713,0.007448336482048035,0.44121405482292175,adv,,,,,,
0,pgd40_8,trades,240,0.22916666666666666,0.03935940905163685,0.004156932234764099,0.2667669951915741,adv,,,,,,
0,pgd40_8,rand_smooth,240,0.2833333333333333,0.11734674448768297,0.17777026891708375,0.3994382321834564,adv,,,,,,
0,pgd40_8,cardnet,240,0.3541666666666667,0.18496035961434246,1.8608648717403413,0.16920630633831024,adv,94.2874984741211,0.6125,0.3375,0.05,,
0,autoattack_8,undefended,120,0.0,0.9765317879617215,0.0014857788880666097,0.9765317440032959,adv,,,,,,
0,autoattack_8,undefended_vgg,120,0.0,0.9890448659658432,0.009550382693608602,0.9890448451042175,adv,,,,,,
0,autoattack_8,pgd_at,120,0.2916666666666667,0.24787579302986462,0.0032832781473795575,0.47554174065589905,adv,,,,,,
0,autoattack_8,trades,120,0.19166666666666668,0.1588704012334347,0.0014753123124440512,0.27526748180389404,adv,,,,,,
0,autoattack_8,rand_smooth,120,0.36666666666666664,0.09387088070313133,0.0463875929514567,0.39456647634506226,adv,,,,,,
0,autoattack_8,cardnet,120,0.4666666666666667,0.2934707873190443,1.8165316422780355,0.17319586873054504,adv,70.24166870117188,0.6333333333333333,0.3333333333333333,0.03333333333333333,,
0,cw,undefended,100,0.01,0.8697764229774476,0.0007090139389038086,0.8797763586044312,adv,,,,,,
0,cw,undefended_vgg,100,0.0,0.9141724807024003,0.0034425663948059082,0.9141725301742554,adv,,,,,,
0,cw,pgd_at,100,0.43,0.12325956106185915,0.001048898696899414,0.47056567668914795,adv,,,,,,
0,cw,trades,100,0.34,0.13525786533951756,0.0006316447257995605,0.2796933650970459,adv,,,,,,
0,cw,rand_smooth,100,0.6,0.18146110892295836,0.01493152379989624,0.418538898229599,adv,,,,,,
0,cw,cardnet,100,0.64,0.4600804191827774,0.3725519037246704,0.17991957068443298,adv,61.31999969482422,0.68,0.3,0.02,,
2,clean,undefended,240,0.9166666666666666,0.045019497225681916,0.0017108549674352011,0.9499207139015198,adv,,,,,,
2,clean,undefended_vgg,240,0.925,0.061522574722766885,0.005080424745877584,0.9835513234138489,adv,,,,,,
2,clean,pgd_at,240,0.6875,0.19172075608124334,0.001754322648048401,0.49577921628952026,adv,,,,,,
2,clean,trades,240,0.38333333333333336,0.10857719151924054,0.001023516058921814,0.2758614122867584,adv,,,,,,
2,clean,rand_smooth,240,0.6,0.17282662267486254,0.022013022502263387,0.4271734058856964,adv,,,,,,
2,clean,cardnet,240,0.5875,0.40735124486188096,0.6017679572105408,0.18014876544475555,adv,71.58333587646484,0.6625,0.2875,0.05,,
2,clean,abl_no_fusion,240,0.5875,0.15963218516359726,0.6017679572105408,0.4278678297996521,adv,71.58333587646484,0.9916666666666667,0.008333333333333333,0.0,,
2,clean,abl_no_smooth,240,0.5791666666666667,0.390627010849615,0.5808382948239644,0.18853966891765594,adv,71.58333587646484,0.7916666666666666,0.19166666666666668,0.016666666666666666,,
2,clean,abl_single_teacher,240,0.6375,0.4454938488391538,0.6008040338754654,0.19200614094734192,adv,71.58333587646484,0.7208333333333333,0.25416666666666665,0.025,,
2,clean,abl_no_purify,240,0.5833333333333334,0.4032061187860867,0.020588249961535136,0.18012721836566925,adv,0.0,0.6791666666666667,0.275,0.04583333333333333,,
2,clean,abl_no_detect,240,0.5791666666666667,0.17042155427237352,0.7588930586973825,0.4268757998943329,adv,100.0,1.0,0.0,0.0,,
2,fgsm_2,undefended,240,0.2708333333333333,0.6347836561501027,0.0010870873928070068,0.886067807674408,adv,,,,,,
2,fgsm_2,undefended_vgg,240,0.5583333333333333,0.4284767966717481,0.004325925310452779,0.977514386177063,adv,,,,,,
2,fgsm_2,pgd_at,240,0.6,0.13267138060182335,0.0016478399435679119,0.46844106912612915,adv,,,,,,
2,fgsm_2,trades,240,0.3416666666666667,0.07053992580622434,0.0009481588999430339,0.2711727023124695,adv,,,,,,
2,fgsm_2,rand_smooth,240,0.49583333333333335,0.1047725619127353,0.024768808484077455,0.4068993031978607,adv,,,,,,
2,fgsm_2,cardnet,240,0.5333333333333333,0.35790390968322755,0.5022668749094009,0.17542941868305206,adv,74.44166564941406,0.6583333333333333,0.29583333333333334,0.04583333333333333,,
2,fgsm_4,undefended,240,0.18333333333333332,0.7017735945681731,0.0009352107842763265,0.8851069211959839,adv,,,,,,
2,fgsm_4,undefended_vgg,240,0.4625,0.5168259421984355,0.003923787673314413,0.9680399298667908,adv,,,,,,
2,fgsm_4,pgd_at,240,0.5375,0.11675144595404466,0.0014056781927744547,0.44426587224006653,adv,,,,,,
2,fgsm_4,trades,240,0.2875,0.043489000635842476,0.0008285413185755412,0.2674441635608673,adv,,,,,,
2,fgsm_4,rand_smooth,240,0.45416666666666666,0.061114419934650256,0.022718056042989095,0.39478713274002075,adv,,,,,,
2,fgsm_4,cardnet,240,0.5083333333333333,0.335152304576089,0.5774811665217081,0.17318102717399597,adv,81.9375,0.6166666666666667,0.31666666666666665,0.06666666666666667,,
2,fgsm_8,undefended,240,0.14583333333333334,0.6883723821491003,0.0009075244267781576,0.834205687046051,adv,,,,,,
2,fgsm_8,undefended_vgg,240,0.37916666666666665,0.5880938044438759,0.0038583189249038695,0.9600550532341003,adv,,,,,,
2,fgsm_8,pgd_at,240,0.4,0.06457870571563643,0.0014350245396296184,0.4136359393596649,adv,,,,,,
2,fgsm_8,trades,240,0.2,0.07012263300518194,0.0008737832307815552,0.26372233033180237,adv,,,,,,
2,fgsm_8,rand_smooth,240,0.32083333333333336,0.06814929321408272,0.021442735195159913,0.3797149062156677,adv,,,,,,
2,fgsm_8,cardnet,240,0.4125,0.24509698723753293,0.6722359905640284,0.16740302741527557,adv,97.98750305175781,0.5625,0.3875,0.05,,
2,pgd10_2,undefended,240,0.0375,0.9656391005963086,0.0009149044752120971,0.985332727432251,adv,,,,,,
2,pgd10_2,undefended_vgg,240,0.2791666666666667,0.7178027763962745,0.003649306297302246,0.9903551936149597,adv,,,,,,
2,pgd10_2,pgd_at,240,0.6,0.13443171599258977,0.001441912849744161,0.4682423770427704,adv,,,,,,
2,pgd10_2,trades,240,0.3416666666666667,0.0705331351608038,0.0009343504905700683,0.2711702883243561,adv,,,,,,
2,pgd10_2,rand_smooth,240,0.5125,0.10414071828126907,0.02269943952560425,0.40835925936698914,adv,,,,,,
2,pgd10_2,cardnet,240,0.525,0.349527392629534,0.5092933068672816,0.17547260224819183,adv,73.98332977294922,0.675,0.25833333333333336,0.06666666666666667,,
2,pgd10_4,undefended,240,0.0,0.9999193462232748,0.0010335534811019898,0.9999193549156189,adv,,,,,,
2,pgd10_4,undefended_vgg,240,0.09583333333333334,0.9031057690580686,0.004940843582153321,0.9963825345039368,adv,,,,,,
2,pgd10_4,pgd_at,240,0.5291666666666667,0.10862223623941342,0.0016094972689946494,0.4441823959350586,adv,,,,,,
2,pgd10_4,trades,240,0.2875,0.043719969627757864,0.0012020458777745565,0.2675066590309143,adv,,,,,,
2,pgd10_4,rand_smooth,240,0.4375,0.0677980372061332,0.024290800094604492,0.3972965478897095,adv,,,,,,
2,pgd10_4,cardnet,240,0.49583333333333335,0.32287796242162586,0.6539604395627976,0.17295537889003754,adv,80.18333435058594,0.65,0.30416666666666664,0.04583333333333333,,
2,pgd10_8,undefended,240,0.0,0.9999997327725093,0.001469096541404724,0.9999997615814209,adv,,,,,,
2,pgd10_8,undefended_vgg,240,0.004166666666666667,0.9957798451185227,0.0037251303593317667,0.9999464750289917,adv,,,,,,
2,pgd10_8,pgd_at,240,0.3541666666666667,0.07707437543819348,0.0014342496792475383,0.4230166971683502,adv,,,,,,
2,pgd10_8,trades,240,0.19583333333333333,0.0765823658555746,0.0008671025435129802,0.2644166648387909,adv,,,,,,
2,pgd10_8,rand_smooth,240,0.3125,0.10811283942312001,0.02244142194588979,0.38742485642433167,adv,,,,,,
2,pgd10_8,cardnet,240,0.3958333333333333,0.22754405336454514,0.6701611618200938,0.16828927397727966,adv,95.67500305175781,0.5916666666666667,0.3416666666666667,0.06666666666666667,,
2,pgd10_8,abl_no_fusion,240,0.3958333333333333,0.05897835114349921,0.6701611618200938,0.3903341293334961,adv,95.67500305175781,1.0,0.0,0.0,,
2,pgd10_8,abl_no_smooth,240,0.25416666666666665,0.08213561388353506,0.6466088483730952,0.18066297471523285,adv,95.67500305175781,0.725,0.24166666666666667,0.03333333333333333,,
2,pgd10_8,abl_single_teacher,240,0.4666666666666667,0.2914184960226218,0.668682156006495,0.1752481758594513,adv,95.67500305175781,0.6458333333333334,0.3125,0.041666666666666664,,
2,pgd10_8,abl_no_purify,240,0.31666666666666665,0.14882700322195888,0.022684826453526815,0.1678396612405777,adv,0.0,0.575,0.3416666666666667,0.08333333333333333,,
2,pgd10_8,abl_no_detect,240,0.3958333333333333,0.04713778651009003,0.6884437600771587,0.3901403546333313,adv,100.0,1.0,0.0,0.0,,
2,pgd40_8,undefended,240,0.0,1.0,0.0008873383204142253,1.0,adv,,,,,,
2,pgd40_8,undefended_vgg,240,0.004166666666666667,0.9957928001880646,0.004061084985733032,0.999959409236908,adv,,,,,,
2,pgd40_8,pgd_at,240,0.35833333333333334,0.07621384287873907,0.0016489615043004354,0.4266889691352844,adv,,,,,,
2,pgd40_8,trades,240,0.19583333333333333,0.07955036591738464,0.0008638660113016764,0.2646200358867645,adv,,,,,,
2,pgd40_8,rand_smooth,240,0.2875,0.11392186675220728,0.022948363423347475,0.3905906081199646,adv,,,,,,
2,pgd40_8,cardnet,240,0.4125,0.2435061266645789,0.6052707413832347,0.16899389028549194,adv,97.6624984741211,0.6125,0.32916666666666666,0.058333333333333334,,
2,cw,undefended,100,0.01,0.8926966208219529,0.0009581279754638671,0.9026966691017151,adv,,,,,,
2,cw,undefended_vgg,100,0.01,0.8971203738451005,0.0042879867553710935,0.9071203470230103,adv,,,,,,
2,cw,pgd_at,100,0.39,0.16301459163427354,0.001523582935333252,0.441315621137619,adv,,,,,,
2,cw,trades,100,0.3,0.1073754145205021,0.0009418845176696778,0.2638091742992401,adv,,,,,,
2,cw,rand_smooth,100,0.5,0.17137941420078281,0.02319690465927124,0.40759482979774475,adv,,,,,,
2,cw,cardnet,100,0.52,0.34423149526119246,0.6247207045555114,0.17576849460601807,adv,84.7699966430664,0.7,0.24,0.06,,
2,id_cifar10,undefended,240,0.9166666666666666,0.045019497225681916,0.0013102759917577107,0.9499207139015198,ood,,,,,,
2,id_cifar10,undefended_vgg,240,0.925,0.061522574722766885,0.005331028501192729,0.9835513234138489,ood,,,,,,
2,id_cifar10,pgd_at,240,0.6875,0.19172075608124334,0.001926305890083313,0.49577921628952026,ood,,,,,,
2,id_cifar10,trades,240,0.38333333333333336,0.10857719151924054,0.0013574341932932536,0.2758614122867584,ood,,,,,,
2,id_cifar10,rand_smooth,240,0.6,0.17282662267486254,0.026302653551101684,0.4271734058856964,ood,,,,,,
2,id_cifar10,cardnet,240,0.5875,0.40735124486188096,0.6461581001679102,0.18014876544475555,ood,71.58333587646484,0.6625,0.2875,0.05,,
2,near_cifar100,undefended,240,0.0,0.7970635981609424,0.0008593638737996419,0.7970636487007141,ood,,,,,,
2,near_cifar100,undefended_vgg,240,0.0,0.900285291671753,0.0043007800976435345,0.9002853035926819,ood,,,,,,
2,near_cifar100,pgd_at,240,0.0,0.3482288021594286,0.0014065027236938477,0.3482288122177124,ood,,,,,,
2,near_cifar100,trades,240,0.0,0.25715746718148386,0.0009366045395533244,0.25715747475624084,ood,,,,,,
2,near_cifar100,rand_smooth,240,0.0,0.3281672796234489,0.022081702947616577,0.32816728949546814,ood,,,,,,
2,near_cifar100,cardnet,240,0.0,0.15115532409399748,0.9342696795860926,0.15115532279014587,ood,138.72500610351562,0.42916666666666664,0.4625,0.10833333333333334,,
2,near_cifar100,abl_no_fusion,240,0.0,0.33152070113768184,0.9342696795860926,0.3315207064151764,ood,138.72500610351562,0.9916666666666667,0.008333333333333333,0.0,,
2,near_cifar100,abl_no_smooth,240,0.0,0.1609326080419123,0.9117174466451009,0.16093260049819946,ood,138.72500610351562,0.5833333333333334,0.35833333333333334,0.058333333333333334,,
2,near_cifar100,abl_single_teacher,240,0.0,0.15702708046883346,0.9365803301334381,0.15702708065509796,ood,138.72500610351562,0.5333333333333333,0.4,0.06666666666666667,,
2,near_cifar100,abl_no_purify,240,0.0,0.1506804947120448,0.023595409591992696,0.15068049728870392,ood,0.0,0.425,0.4708333333333333,0.10416666666666667,,
2,near_cifar100,abl_no_detect,240,0.0,0.32869480686883135,0.8095289746920268,0.32869479060173035,ood,100.0,0.9958333333333333,0.004166666666666667,0.0,,
2,far_mnist,undefended,240,0.0,0.8307860873639583,0.0010804206132888794,0.8307860493659973,ood,,,,,,
2,far_mnist,undefended_vgg,240,0.0,0.9257374349981546,0.0051745434602101644,0.9257374405860901,ood,,,,,,
2,far_mnist,pgd_at,240,0.0,0.4770843819404642,0.0017586151758829753,0.47708436846733093,ood,,,,,,
2,far_mnist,trades,240,0.0,0.28376723018785316,0.0009971708059310913,0.2837672531604767,ood,,,,,,
2,far_mnist,rand_smooth,240,0.0,0.3102692599718769,0.028187520305315652,0.3102692663669586,ood,,,,,,
2,far_mnist,cardnet,240,0.0,0.14511778863767785,0.9638759950796764,0.14511778950691223,ood,149.37916564941406,0.4,0.5166666666666667,0.08333333333333333,,
2,far_fmnist,undefended,240,0.0,0.7627814107884963,0.0008998652299245199,0.7627813816070557,ood,,,,,,
2,far_fmnist,undefended_vgg,240,0.0,0.8875976391136646,0.0047786901394526165,0.8875976800918579,ood,,,,,,
2,far_fmnist,pgd_at,240,0.0,0.48134329778452717,0.0015445580085118613,0.48134326934814453,ood,,,,,,
2,far_fmnist,trades,240,0.0,0.37508514734605947,0.0009281973044077556,0.37508514523506165,ood,,,,,,
2,far_fmnist,rand_smooth,240,0.0,0.4420209695895513,0.02131697436173757,0.442020982503891,ood,,,,,,
2,far_fmnist,cardnet,240,0.0,0.17539259263624746,1.0314819137255349,0.17539259791374207,ood,147.49166870117188,0.8083333333333333,0.15416666666666667,0.0375,,
1,id_cifar10,undefended,240,0.9166666666666666,0.056161984925468804,0.0012678066889444987,0.9587699770927429,ood,,,,,,
1,id_cifar10,undefended_vgg,240,0.925,0.06273393904169401,0.005361159642537435,0.9825407862663269,ood,,,,,,
1,id_cifar10,pgd_at,240,0.6708333333333333,0.18431512620300053,0.001933733622233073,0.4865182340145111,ood,,,,,,
1,id_cifar10,trades,240,0.4,0.13234816696494817,0.0010452260573705038,0.2731545865535736,ood,,,,,,
1,id_cifar10,rand_smooth,240,0.5916666666666667,0.1940436343972882,0.023056394855181375,0.415182888507843,ood,,,,,,
1,id_cifar10,cardnet,240,0.6166666666666667,0.438539661684384,0.6144491801659266,0.1781270056962967,ood,70.37916564941406,0.6333333333333333,0.32083333333333336,0.04583333333333333,,
1,near_cifar100,undefended,240,0.0,0.7979545717438062,0.0011434654394785564,0.7979545593261719,ood,,,,,,
1,near_cifar100,undefended_vgg,240,0.0,0.9046424159780144,0.004903331398963928,0.9046424031257629,ood,,,,,,
1,near_cifar100,pgd_at,240,0.0,0.32882593944668764,0.001478541890780131,0.3288259208202362,ood,,,,,,
1,near_cifar100,trades,240,0.0,0.2525891159350673,0.0009189764658610026,0.2525891065597534,ood,,,,,,
1,near_cifar100,rand_smooth,240,0.0,0.3186242715766033,0.023799921075503033,0.31862422823905945,ood,,,,,,
1,near_cifar100,cardnet,240,0.0,0.14868048901359238,0.993506877621015,0.14868047833442688,ood,134.8000030517578,0.4125,0.4666666666666667,0.12083333333333333,,
1,near_cifar100,abl_no_fusion,240,0.0,0.3186008918409545,0.993506877621015,0.31860092282295227,ood,134.8000030517578,0.9958333333333333,0.004166666666666667,0.0,,
1,near_cifar100,abl_no_smooth,240,0.0,0.16023918725550176,0.9661592175563177,0.16023918986320496,ood,134.8000030517578,0.525,0.42916666666666664,0.04583333333333333,,
1,near_cifar100,abl_single_teacher,240,0.0,0.15640501069525875,0.9906322201093039,0.1564050018787384,ood,134.8000030517578,0.5041666666666667,0.4083333333333333,0.0875,,
1,near_cifar100,abl_no_purify,240,0.0,0.1480916312895715,0.025570618112881978,0.1480916142463684,ood,0.0,0.3875,0.49166666666666664,0.12083333333333333,,
1,near_cifar100,abl_no_detect,240,0.0,0.3165812901531657,0.8483954966068268,0.31658127903938293,ood,100.0,1.0,0.0,0.0,,
1,far_mnist,undefended,240,0.0,0.8171652992566427,0.001011208693186442,0.8171653151512146,ood,,,,,,
1,far_mnist,undefended_vgg,240,0.0,0.8890831722567478,0.004702832301457723,0.889083206653595,ood,,,,,,
1,far_mnist,pgd_at,240,0.0,0.4729452156151334,0.001524077852567037,0.4729452133178711,ood,,,,,,
1,far_mnist,trades,240,0.0,0.28356718601038056,0.0009320626656214396,0.2835672199726105,ood,,,,,,
1,far_mnist,rand_smooth,240,0.0,0.3149740545699994,0.02199460764726003,0.3149740397930145,ood,,,,,,
1,far_mnist,cardnet,240,0.0,0.14676645460228124,1.0619939386844635,0.14676645398139954,ood,148.89999389648438,0.42916666666666664,0.5125,0.058333333333333334,,
1,far_fmnist,undefended,240,0.0,0.7503021417806546,0.001241488258043925,0.7503021359443665,ood,,,,,,
1,far_fmnist,undefended_vgg,240,0.0,0.8590989821900925,0.005882106224695842,0.8590989708900452,ood,,,,,,
1,far_fmnist,pgd_at,240,0.0,0.4516894207025568,0.0020037293434143066,0.4516894221305847,ood,,,,,,
1,far_fmnist,trades,240,0.0,0.365071623151501,0.00119171937306722,0.3650716245174408,ood,,,,,,
1,far_fmnist,rand_smooth,240,0.0,0.42481001652777195,0.024515732129414877,0.424809992313385,ood,,,,,,
1,far_fmnist,cardnet,240,0.0,0.17010918666298191,1.053757944703102,0.17010918259620667,ood,148.14166259765625,0.7375,0.22916666666666666,0.03333333333333333,,
