part,condition,model,acc_mean,acc_std,ece_mean,lat_mean,depth,n_seeds
adaptive,bpda_pgd10_4,abl_no_detect,0.5166666666666667,,0.1438633218407631,0.512206087509791,100.0,1
adaptive,bpda_pgd10_4,abl_no_fusion,0.49166666666666664,,0.15632259224851927,0.3962285002072652,69.36666870117188,1
adaptive,bpda_pgd10_4,abl_no_purify,0.5,,0.32914517776419716,0.012783187627792358,0.0,1
adaptive,bpda_pgd10_4,abl_no_smooth,0.31666666666666665,,0.16259866400311387,0.38396220008532206,69.36666870117188,1
adaptive,bpda_pgd10_4,cardnet,0.49166666666666664,,0.3207605251421531,0.3962285002072652,69.36666870117188,1
adaptive,bpda_pgd10_8,abl_no_detect,0.44166666666666665,,0.11088698146243889,0.517946602900823,100.0,1
adaptive,bpda_pgd10_8,abl_no_fusion,0.36666666666666664,,0.12952279684444268,0.4310442229111989,83.43333435058594,1
adaptive,bpda_pgd10_8,abl_no_purify,0.2916666666666667,,0.12642372374733288,0.013886749744415283,0.0,1
adaptive,bpda_pgd10_8,abl_no_smooth,0.24166666666666667,,0.0796600597600142,0.41921652952829996,83.43333435058594,1
adaptive,bpda_pgd10_8,cardnet,0.36666666666666664,,0.2010820069039861,0.4310442229111989,83.43333435058594,1
adaptive,oblivious_pgd10_4,abl_no_detect,0.5083333333333333,,0.18371745832264424,0.5323413113753,100.0,1
adaptive,oblivious_pgd10_4,abl_no_fusion,0.525,,0.15385778384904064,0.4060013433297475,70.93333435058594,1
adaptive,oblivious_pgd10_4,abl_no_purify,0.4666666666666667,,0.2965881624569495,0.014310642083485921,0.0,1
adaptive,oblivious_pgd10_4,abl_no_smooth,0.35,,0.170393358108898,0.3928614755471547,70.93333435058594,1
adaptive,oblivious_pgd10_4,cardnet,0.525,,0.35373694549004236,0.4060013433297475,70.93333435058594,1
adaptive,oblivious_pgd10_8,abl_no_detect,0.43333333333333335,,0.1612206730991602,0.5110303123792013,100.0,1
adaptive,oblivious_pgd10_8,abl_no_fusion,0.425,,0.14306424371898174,0.45820940335591637,89.94166564941406,1
adaptive,oblivious_pgd10_8,abl_no_purify,0.2916666666666667,,0.12645911847551664,0.012670465310414632,0.0,1
adaptive,oblivious_pgd10_8,abl_no_smooth,0.24166666666666667,,0.07112181323270002,0.4459161162376404,89.94166564941406,1
adaptive,oblivious_pgd10_8,cardnet,0.425,,0.259815014898777,0.45820940335591637,89.94166564941406,1
adv,autoattack_8,cardnet,0.4666666666666667,,0.2934707873190443,1.8165316422780355,70.24166870117188,1
adv,autoattack_8,pgd_at,0.2916666666666667,,0.24787579302986462,0.0032832781473795575,,1
adv,autoattack_8,rand_smooth,0.36666666666666664,,0.09387088070313133,0.0463875929514567,,1
adv,autoattack_8,trades,0.19166666666666668,,0.1588704012334347,0.0014753123124440512,,1
adv,autoattack_8,undefended,0.0,,0.9765317879617215,0.0014857788880666097,,1
adv,autoattack_8,undefended_vgg,0.0,,0.9890448659658432,0.009550382693608602,,1
adv,clean,abl_no_detect,0.5833333333333334,0.011023963796102501,0.16720495803488625,0.6627431104580561,100.0,3
adv,clean,abl_no_fusion,0.6,0.015023130314433255,0.17621165101105965,0.5004571325249142,68.9013900756836,3
adv,clean,abl_no_purify,0.5861111111111111,0.004811252243246865,0.40582651367617983,0.017200683885150485,0.0,3
adv,clean,abl_no_smooth,0.5819444444444445,0.00867360833110886,0.3904106850528883,0.48415796756744384,68.9013900756836,3
adv,clean,abl_single_teacher,0.6152777777777777,0.020971762320196485,0.4234122243709862,0.5005759898159239,68.9013900756836,3
adv,clean,cardnet,0.6,0.015023130314433255,0.41937047648761006,0.5004571325249142,68.9013900756836,3
adv,clean,pgd_at,0.6722222222222222,0.014632852434517713,0.17681649151361653,0.0013309137688742746,,3
adv,clean,rand_smooth,0.5930555555555556,0.006364688465216421,0.17636628786308903,0.017104127009709678,,3
adv,clean,trades,0.3972222222222222,0.01272937693043288,0.1268366522466143,0.0007743818892372978,,3
adv,clean,undefended,0.9125,0.007216878364870297,0.05650530449218222,0.004406563772095574,,3
adv,clean,undefended_vgg,0.9166666666666666,0.014433756729740664,0.07017137565546568,0.005361149377293057,,3
adv,cw,cardnet,0.5833333333333334,0.06027713773341709,0.40647946399947016,0.540756528377533,76.71333312988281,3
adv,cw,pgd_at,0.4066666666666667,0.020816659994661313,0.1465302726129691,0.0013772940635681152,,3
adv,cw,rand_smooth,0.5733333333333334,0.06429100507328638,0.18934771180152896,0.020997184912363687,,3
adv,cw,trades,0.3466666666666667,0.050332229568471665,0.13302898188432058,0.0008749659856160482,,3
adv,cw,undefended,0.01,0.0,0.8848878739277523,0.0008743079503377278,,3
adv,cw,undefended_vgg,0.0033333333333333335,0.005773502691896258,0.8976038901011151,0.003989451726277669,,3
adv,fgsm_2,cardnet,0.5458333333333334,0.011023963796102501,0.3698031261873742,0.4544860558377372,74.09861246744792,3
adv,fgsm_2,pgd_at,0.5972222222222222,0.004811252243246865,0.13293930201066864,0.0011872599522272746,,3
adv,fgsm_2,rand_smooth,0.5180555555555556,0.020971762320196527,0.12470669709146025,0.0186969131231308,,3
adv,fgsm_2,trades,0.3527777777777778,0.010485881160098263,0.09272430139697259,0.0006936712397469415,,3
adv,fgsm_2,undefended,0.28194444444444444,0.04276334532872405,0.6242812934848998,0.0007855686876508924,,3
adv,fgsm_2,undefended_vgg,0.5652777777777778,0.006364688465216421,0.41497854871882334,0.003469945655928718,,3
adv,fgsm_4,cardnet,0.5027777777777778,0.013393959390267959,0.32971512205484843,0.485093096560902,79.64305623372395,3
adv,fgsm_4,pgd_at,0.5388888888888889,0.006364688465216422,0.11044699855976635,0.0011459837357203166,,3
adv,fgsm_4,rand_smooth,0.4597222222222222,0.006364688465216479,0.0779985239315364,0.017689642641279434,,3
adv,fgsm_4,trades,0.30416666666666664,0.019094065395649343,0.06818823125213384,0.0006845328542921279,,3
adv,fgsm_4,undefended,0.19305555555555554,0.048650777467047206,0.6980380417986048,0.0007083114650514392,,3
adv,fgsm_4,undefended_vgg,0.4625000000000001,0.016666666666666663,0.5151140183210373,0.003575390577316284,,3
adv,fgsm_8,cardnet,0.39999999999999997,0.012499999999999976,0.23278310781137812,0.5364641487598419,94.70972442626953,3
adv,fgsm_8,pgd_at,0.3736111111111111,0.03543708561714745,0.08524850308895111,0.0010753088527255589,,3
adv,fgsm_8,rand_smooth,0.3263888888888889,0.013393959390267997,0.08523919013225371,0.017108221186531915,,3
adv,fgsm_8,trades,0.2347222222222222,0.033420026154211004,0.05441742789828114,0.0006765587462319268,,3
adv,fgsm_8,undefended,0.1513888888888889,0.03367876570272817,0.697229990363121,0.0006806641817092895,,3
adv,fgsm_8,undefended_vgg,0.37916666666666665,0.02500000000000001,0.5792905970580048,0.0031906730598873566,,3
adv,pgd10_2,cardnet,0.5416666666666666,0.014433756729740673,0.36547957538730563,0.5289738446474075,74.20972188313802,3
adv,pgd10_2,pgd_at,0.5958333333333333,0.004166666666666652,0.13206822476867172,0.0013027711047066584,,3
adv,pgd10_2,rand_smooth,0.5236111111111111,0.00962250448649381,0.12882995721366672,0.020170813467767505,,3
adv,pgd10_2,trades,0.3527777777777778,0.010485881160098263,0.09274370219144557,0.0008132530583275689,,3
adv,pgd10_2,undefended,0.027777777777777776,0.010485881160098262,0.9683937564078304,0.0008426000674565632,,3
adv,pgd10_2,undefended_vgg,0.30277777777777776,0.022948210613692087,0.6955698658194805,0.003699142071935866,,3
adv,pgd10_4,cardnet,0.5013888888888889,0.00962250448649373,0.3284417001220088,0.5488447354899513,79.5625,3
adv,pgd10_4,pgd_at,0.5236111111111111,0.00962250448649384,0.10770853352215555,0.001304061876402961,,3
adv,pgd10_4,rand_smooth,0.45416666666666666,0.016666666666666677,0.07632627139488855,0.02042526337835524,,3
adv,pgd10_4,trades,0.3055555555555555,0.01878854063676207,0.0696760253670315,0.0008746001455518935,,3
adv,pgd10_4,undefended,0.0,0.0,0.9993173919618129,0.0008582979440689087,,3
adv,pgd10_4,undefended_vgg,0.08888888888888889,0.012028130608117209,0.9049749850812886,0.004100683331489563,,3
adv,pgd10_8,abl_no_detect,0.3986111111111111,0.0024056261216234723,0.06399406147085959,0.6307285553879208,100.0,3
adv,pgd10_8,abl_no_fusion,0.3819444444444444,0.014632852434517707,0.06815892727010779,0.5670384933551152,94.28472391764323,3
adv,pgd10_8,abl_no_purify,0.3055555555555555,0.019245008972987525,0.1377653986732993,0.019945729772249857,0.0,3
adv,pgd10_8,abl_no_smooth,0.24027777777777778,0.017347216662217755,0.06446539894160297,0.5483232335911857,94.28472391764323,3
adv,pgd10_8,abl_single_teacher,0.4291666666666667,0.03254270698294442,0.2525502076269024,0.5682419055038028,94.28472391764323,3
adv,pgd10_8,cardnet,0.3819444444444444,0.014632852434517707,0.21392524398656354,0.5670384933551152,94.28472391764323,3
adv,pgd10_8,pgd_at,0.33055555555555555,0.02774303382699751,0.1019934420577354,0.0013346287939283582,,3
adv,pgd10_8,rand_smooth,0.30694444444444446,0.017347216662217804,0.10444114545567168,0.01976013912094964,,3
adv,pgd10_8,trades,0.2263888888888889,0.029265704869035365,0.05564609109941456,0.0008352253172132703,,3
adv,pgd10_8,undefended,0.0,0.0,0.9999987588988409,0.0010546525319417319,,3
adv,pgd10_8,undefended_vgg,0.002777777777777778,0.0024056261216234406,0.9968884873721335,0.00383426480823093,,3
adv,pgd40_8,cardnet,0.39166666666666666,0.03254270698294436,0.2232569266938501,1.043127801683214,97.3361104329427,3
adv,pgd40_8,pgd_at,0.3277777777777778,0.03640372895022545,0.1062639676862293,0.0034829384750790066,,3
adv,pgd40_8,rand_smooth,0.2916666666666667,0.011023963796102435,0.11178554207500484,0.07406312425931295,,3
adv,pgd40_8,trades,0.225,0.02732266051792499,0.05638714246451856,0.0019595119688245984,,3
adv,pgd40_8,undefended,0.0,0.0,1.0,0.0021785603629218206,,3
adv,pgd40_8,undefended_vgg,0.001388888888888889,0.0024056261216234406,0.9985875465803676,0.005471659037801954,,3
corr,brightness_s3,cardnet,0.48,,0.31535420507192613,0.7426332068443299,88.7300033569336,1
corr,brightness_s3,pgd_at,0.5,,0.14411712288856507,0.0020815110206604003,,1
corr,brightness_s3,rand_smooth,0.53,,0.19940663903951641,0.027313382625579835,,1
corr,brightness_s3,trades,0.26,,0.06294045343995094,0.0010281968116760253,,1
corr,brightness_s3,undefended,0.84,,0.11334538877010342,0.0010091042518615722,,1
corr,brightness_s3,undefended_vgg,0.86,,0.13649792373180397,0.005605149269104004,,1
corr,brightness_s5,cardnet,0.26333333333333336,0.030550504633038947,0.12297336188455422,0.7090263430277507,111.67000071207683,3
corr,brightness_s5,pgd_at,0.27,0.02000000000000001,0.13075332368413609,0.0014934937159220378,,3
corr,brightness_s5,rand_smooth,0.25333333333333335,0.03055050463303895,0.13153336038192112,0.019087249437967937,,3
corr,brightness_s5,trades,0.14666666666666667,0.05131601439446884,0.19051018784443538,0.0009565385182698569,,3
corr,brightness_s5,undefended,0.7366666666666667,0.06429100507328643,0.202587199062109,0.0008378887176513672,,3
corr,brightness_s5,undefended_vgg,0.7733333333333333,0.04163331998932266,0.20569397081931431,0.0046913878122965495,,3
corr,contrast_s3,cardnet,0.18,,0.04088557936251164,0.8529560256004334,130.61000061035156,1
corr,contrast_s3,pgd_at,0.24,,0.1368875528872013,0.0017940235137939454,,1
corr,contrast_s3,rand_smooth,0.17,,0.18412233278155327,0.025007591247558594,,1
corr,contrast_s3,trades,0.19,,0.12596790850162506,0.0011487436294555665,,1
corr,contrast_s3,undefended,0.21,,0.545347117781639,0.0012350678443908691,,1
corr,contrast_s3,undefended_vgg,0.27,,0.43517960697412494,0.005697128772735596,,1
corr,contrast_s5,cardnet,0.14333333333333334,0.025166114784235846,0.057815614864230154,0.8482848445574444,150.0,3
corr,contrast_s5,pgd_at,0.17666666666666667,0.04725815626252607,0.14329611187179883,0.0013648907343546549,,3
corr,contrast_s5,rand_smooth,0.13666666666666666,0.03785938897200181,0.19981271371245382,0.020412360032399494,,3
corr,contrast_s5,trades,0.16,0.03,0.13938509345054625,0.0008291498819986979,,3
corr,contrast_s5,undefended,0.15666666666666665,0.011547005383792528,0.38212966650724417,0.0008574819564819335,,3
corr,contrast_s5,undefended_vgg,0.11666666666666665,0.005773502691896261,0.37076845655838647,0.0035941314697265623,,3
corr,defocus_blur_s3,cardnet,0.3,,0.1620886807143688,1.0809912371635437,148.50999450683594,1
corr,defocus_blur_s3,pgd_at,0.29,,0.12586882516741751,0.001534576416015625,,1
corr,defocus_blur_s3,rand_smooth,0.29,,0.11260872036218644,0.023940582275390625,,1
corr,defocus_blur_s3,trades,0.32,,0.10876426875591277,0.0009171509742736816,,1
corr,defocus_blur_s3,undefended,0.12,,0.44769607096910474,0.0009307193756103515,,1
corr,defocus_blur_s3,undefended_vgg,0.15,,0.37261493399739265,0.003869791030883789,,1
corr,defocus_blur_s5,cardnet,0.22999999999999998,0.026457513110645897,0.09307720012962818,1.0379355827967325,148.8999989827474,3
corr,defocus_blur_s5,pgd_at,0.22666666666666668,0.030550504633038923,0.1385311963657538,0.0021749385197957355,,3
corr,defocus_blur_s5,rand_smooth,0.23666666666666666,0.049328828623162485,0.1374819742143154,0.035751248200734456,,3
corr,defocus_blur_s5,trades,0.26,0.03605551275463988,0.05905164112647374,0.001311041514078776,,3
corr,defocus_blur_s5,undefended,0.15333333333333335,0.040414518843273795,0.3349427702029546,0.0012868897120157877,,3
corr,defocus_blur_s5,undefended_vgg,0.13,0.0360555127546399,0.37190518329540895,0.005472618738810221,,3
corr,elastic_transform_s3,cardnet,0.45,,0.2951496826857329,0.9106605005264282,135.02999877929688,1
corr,elastic_transform_s3,pgd_at,0.48,,0.16804695591330523,0.0014763927459716796,,1
corr,elastic_transform_s3,rand_smooth,0.45,,0.147262841463089,0.023472158908843993,,1
corr,elastic_transform_s3,trades,0.41,,0.14861674100160602,0.0008150649070739746,,1
corr,elastic_transform_s3,undefended,0.18,,0.6788418054580689,0.0010372591018676758,,1
corr,elastic_transform_s3,undefended_vgg,0.15,,0.7209398677945138,0.0038602375984191895,,1
corr,elastic_transform_s5,cardnet,0.33666666666666667,0.015275252316519472,0.1899512684345245,0.8464432986577353,143.3933308919271,3
corr,elastic_transform_s5,pgd_at,0.34,0.01732050807568875,0.11056057050824165,0.0012427242596944174,,3
corr,elastic_transform_s5,rand_smooth,0.35000000000000003,0.040000000000000015,0.08100250542163849,0.018931055863698323,,3
corr,elastic_transform_s5,trades,0.3433333333333333,0.015275252316519447,0.11106885311504205,0.0007577061653137206,,3
corr,elastic_transform_s5,undefended,0.12666666666666668,0.005773502691896267,0.7537852241595586,0.0007576251029968261,,3
corr,elastic_transform_s5,undefended_vgg,0.15,0.009999999999999981,0.7112823003530502,0.003679522673288981,,3
corr,fog_s3,cardnet,0.24,,0.11071278259158135,0.895989716053009,132.67999267578125,1
corr,fog_s3,pgd_at,0.25,,0.05222116678953171,0.0015181469917297363,,1
corr,fog_s3,rand_smooth,0.27,,0.058923358023166665,0.0218035888671875,,1
corr,fog_s3,trades,0.18,,0.11385672777891159,0.0008597183227539063,,1
corr,fog_s3,undefended,0.23,,0.6193507072329522,0.0010111355781555176,,1
corr,fog_s3,undefended_vgg,0.33,,0.503167832493782,0.004110543727874756,,1
corr,fog_s5,cardnet,0.15666666666666668,0.015275252316519465,0.02920982005695502,0.8924795142809551,149.88666788736978,3
corr,fog_s5,pgd_at,0.15666666666666665,0.02081665999466132,0.07072728216648101,0.001373929182688395,,3
corr,fog_s5,rand_smooth,0.13333333333333333,0.02516611478423584,0.09529930760463079,0.019193742275238037,,3
corr,fog_s5,trades,0.14,0.01732050807568877,0.06175915067394575,0.0007713278134663899,,3
corr,fog_s5,undefended,0.13,0.02,0.701630243162314,0.0007604233423868815,,3
corr,fog_s5,undefended_vgg,0.12333333333333334,0.020816659994661334,0.7704863310853639,0.006013593673706055,,3
corr,frost_s3,cardnet,0.24,,0.08392828002572059,0.8759859895706177,122.5999984741211,1
corr,frost_s3,pgd_at,0.25,,0.14110110029578207,0.0014623880386352539,,1
corr,frost_s3,rand_smooth,0.19,,0.16884358391165735,0.022261910438537598,,1
corr,frost_s3,trades,0.13,,0.23470977798104284,0.0007845926284790039,,1
corr,frost_s3,undefended,0.54,,0.30831500589847566,0.0009675216674804687,,1
corr,frost_s3,undefended_vgg,0.64,,0.32787331849336626,0.0039135956764221195,,1
corr,frost_s5,cardnet,0.21333333333333335,0.05507570547286101,0.06272149781386056,0.7962256844838461,137.54667154947916,3
corr,frost_s5,pgd_at,0.22333333333333336,0.025166114784235825,0.14472977062066397,0.001377150217692057,,3
corr,frost_s5,rand_smooth,0.21333333333333335,0.03511884584284246,0.17193072840571402,0.020429484844207764,,3
corr,frost_s5,trades,0.12333333333333334,0.025166114784235836,0.2524748981992404,0.0008729163805643717,,3
corr,frost_s5,undefended,0.5033333333333333,0.037859388972001834,0.35434636423985166,0.0008523718516031901,,3
corr,frost_s5,undefended_vgg,0.6033333333333334,0.04618802153517005,0.34323319405317304,0.004685097535451253,,3
corr,gaussian_noise_s3,cardnet,0.55,,0.3930083812773228,1.0639789700508118,150.0,1
corr,gaussian_noise_s3,pgd_at,0.59,,0.18005296722054484,0.001737349033355713,,1
corr,gaussian_noise_s3,rand_smooth,0.54,,0.13450392335653305,0.02446827173233032,,1
corr,gaussian_noise_s3,trades,0.44,,0.1816527430713177,0.0009681534767150879,,1
corr,gaussian_noise_s3,undefended,0.11,,0.7651942491531372,0.001296241283416748,,1
corr,gaussian_noise_s3,undefended_vgg,0.11,,0.8166365289688109,0.005154318809509277,,1
corr,gaussian_noise_s5,cardnet,0.4266666666666667,0.015275252316519473,0.31786223414043585,0.99830175558726,150.0,3
corr,gaussian_noise_s5,pgd_at,0.35000000000000003,0.034641016151377546,0.10807132735848428,0.0017146372795104978,,3
corr,gaussian_noise_s5,rand_smooth,0.38999999999999996,0.039999999999999994,0.09686808357636134,0.024979632695515952,,3
corr,gaussian_noise_s5,trades,0.4033333333333333,0.07094598884597585,0.16763815651337308,0.0010808976491292319,,3
corr,gaussian_noise_s5,undefended,0.11666666666666665,0.015275252316519465,0.6640309425195058,0.001253654956817627,,3
corr,gaussian_noise_s5,undefended_vgg,0.11333333333333333,0.020816659994661334,0.7221362018585206,0.005119207700093587,,3
corr,glass_blur_s3,cardnet,0.37,,0.22997895896434783,1.020798237323761,148.6199951171875,1
corr,glass_blur_s3,pgd_at,0.35,,0.10368129640817643,0.0015497374534606933,,1
corr,glass_blur_s3,rand_smooth,0.34,,0.07829850226640701,0.029745528697967528,,1
corr,glass_blur_s3,trades,0.32,,0.07111812695860863,0.0011461901664733887,,1
corr,glass_blur_s3,undefended,0.1,,0.643334932923317,0.0009749794006347657,,1
corr,glass_blur_s3,undefended_vgg,0.15,,0.6392379820346832,0.00425900936126709,,1
corr,glass_blur_s5,cardnet,0.26,0.06999999999999999,0.12070808969438078,0.9843786064783732,143.98333231608072,3
corr,glass_blur_s5,pgd_at,0.26666666666666666,0.06658328118479392,0.10001432508230211,0.0013798650105794272,,3
corr,glass_blur_s5,rand_smooth,0.24666666666666667,0.04163331998932267,0.13293327748775483,0.022747124830881756,,3
corr,glass_blur_s5,trades,0.2833333333333334,0.015275252316519468,0.07747682000199953,0.0009115004539489746,,3
corr,glass_blur_s5,undefended,0.14,0.039999999999999994,0.4914028030633926,0.0008805894851684571,,3
corr,glass_blur_s5,undefended_vgg,0.18000000000000002,0.03,0.35551086112856867,0.003961618741353353,,3
corr,impulse_noise_s3,cardnet,0.54,,0.3841409397125245,1.0338013005256652,148.5,1
corr,impulse_noise_s3,pgd_at,0.59,,0.1715493892133236,0.001560983657836914,,1
corr,impulse_noise_s3,rand_smooth,0.55,,0.1706190599501133,0.02224360704421997,,1
corr,impulse_noise_s3,trades,0.42,,0.1643955154716968,0.0008519315719604493,,1
corr,impulse_noise_s3,undefended,0.15,,0.6972176200151444,0.001129148006439209,,1
corr,impulse_noise_s3,undefended_vgg,0.19,,0.7087386342883111,0.004563384056091309,,1
corr,impulse_noise_s5,cardnet,0.4266666666666667,0.03511884584284245,0.31808910029629867,1.0342567666371663,150.0,3
corr,impulse_noise_s5,pgd_at,0.3666666666666667,0.05686240703077326,0.10795162826776505,0.0015354323387145995,,3
corr,impulse_noise_s5,rand_smooth,0.42,0.029999999999999985,0.14827770407001176,0.02427066485087077,,3
corr,impulse_noise_s5,trades,0.41333333333333333,0.05859465277082314,0.18156367376446725,0.0009038790067036947,,3
corr,impulse_noise_s5,undefended,0.13,0.01732050807568877,0.6508291018009186,0.001054665247599284,,3
corr,impulse_noise_s5,undefended_vgg,0.10666666666666667,0.015275252316519465,0.7198889400561651,0.0040565411249796545,,3
corr,jpeg_compression_s3,cardnet,0.55,,0.3804684318602085,0.83610191822052,123.8499984741211,1
corr,jpeg_compression_s3,pgd_at,0.62,,0.1671106526255607,0.0014791035652160645,,1
corr,jpeg_compression_s3,rand_smooth,0.56,,0.17870258256793023,0.022205376625061037,,1
corr,jpeg_compression_s3,trades,0.41,,0.1357861641049385,0.0008422088623046875,,1
corr,jpeg_compression_s3,undefended,0.49,,0.3532996687293053,0.0008733487129211426,,1
corr,jpeg_compression_s3,undefended_vgg,0.51,,0.4067607706785201,0.003855392932891846,,1
corr,jpeg_compression_s5,cardnet,0.56,0.009999999999999926,0.39549938234190146,0.7932474978764851,138.9800008138021,3
corr,jpeg_compression_s5,pgd_at,0.6433333333333334,0.03785938897200186,0.22724407846728958,0.0012645570437113446,,3
corr,jpeg_compression_s5,rand_smooth,0.5499999999999999,0.06082762530298219,0.20774244075020154,0.019907224973042807,,3
corr,jpeg_compression_s5,trades,0.3933333333333333,0.05507570547286101,0.13798112322886788,0.0007287851969401041,,3
corr,jpeg_compression_s5,undefended,0.2966666666666667,0.02516611478423581,0.5203780873616536,0.0007945950826009114,,3
corr,jpeg_compression_s5,undefended_vgg,0.38999999999999996,0.045825756949558406,0.5022886511683464,0.003613837560017904,,3
corr,motion_blur_s3,cardnet,0.31,,0.16359360024332997,0.9729535317420959,145.19000244140625,1
corr,motion_blur_s3,pgd_at,0.31,,0.1658807887136936,0.0018625640869140625,,1
corr,motion_blur_s3,rand_smooth,0.33,,0.10450544208288191,0.025724210739135743,,1
corr,motion_blur_s3,trades,0.3,,0.09465271577239036,0.0012735986709594726,,1
corr,motion_blur_s3,undefended,0.21,,0.550666945874691,0.0009721732139587403,,1
corr,motion_blur_s3,undefended_vgg,0.22,,0.603711450099945,0.004632790088653565,,1
corr,motion_blur_s5,cardnet,0.26,0.02999999999999998,0.12106236475209393,0.9991378498077393,145.8066660563151,3
corr,motion_blur_s5,pgd_at,0.2333333333333333,0.02516611478423584,0.11147395332654318,0.0014803314208984375,,3
corr,motion_blur_s5,rand_smooth,0.24333333333333332,0.047258156262526094,0.11016504183411598,0.022928054332733153,,3
corr,motion_blur_s5,trades,0.24666666666666667,0.030550504633038954,0.07644913976391156,0.0008530958493550619,,3
corr,motion_blur_s5,undefended,0.14666666666666667,0.005773502691896247,0.551169900794824,0.0009452191988627116,,3
corr,motion_blur_s5,undefended_vgg,0.17333333333333334,0.015275252316519465,0.5118288538853327,0.004152759710947672,,3
corr,pixelate_s3,cardnet,0.51,,0.35052310839295386,1.0433041763305664,145.52999877929688,1
corr,pixelate_s3,pgd_at,0.6,,0.20550090998411183,0.001341252326965332,,1
corr,pixelate_s3,rand_smooth,0.5,,0.12544261917471883,0.02383877515792847,,1
corr,pixelate_s3,trades,0.41,,0.14512632459402083,0.0008009219169616699,,1
corr,pixelate_s3,undefended,0.22,,0.5873051902651787,0.0011072850227355957,,1
corr,pixelate_s3,undefended_vgg,0.35,,0.6013241797685622,0.004168181419372558,,1
corr,pixelate_s5,cardnet,0.4666666666666666,0.025166114784235832,0.3164263125012319,0.8541079958279928,149.00999959309897,3
corr,pixelate_s5,pgd_at,0.5066666666666667,0.015275252316519468,0.18795159881313647,0.0012738744417826334,,3
corr,pixelate_s5,rand_smooth,0.4266666666666667,0.011547005383792521,0.14737949813405674,0.018967719872792565,,3
corr,pixelate_s5,trades,0.3933333333333333,0.03214550253664319,0.1341279736161232,0.0007600553830464681,,3
corr,pixelate_s5,undefended,0.18000000000000002,0.02000000000000001,0.6662906842430433,0.00082292636235555,,3
corr,pixelate_s5,undefended_vgg,0.25333333333333335,0.06110100926607787,0.6692178495724995,0.0038224848111470537,,3
corr,shot_noise_s3,cardnet,0.53,,0.3939664261043072,0.988812165260315,150.0,1
corr,shot_noise_s3,pgd_at,0.56,,0.15835680454969409,0.0016310620307922363,,1
corr,shot_noise_s3,rand_smooth,0.54,,0.15771196246147157,0.023475141525268556,,1
corr,shot_noise_s3,trades,0.4,,0.143683058321476,0.0010291218757629394,,1
corr,shot_noise_s3,undefended,0.13,,0.7308959075808525,0.0010818004608154296,,1
corr,shot_noise_s3,undefended_vgg,0.14,,0.7617586314678193,0.004632668495178223,,1
corr,shot_noise_s5,cardnet,0.4066666666666667,0.04932882862316249,0.2978088883558909,0.9830228964487712,150.0,3
corr,shot_noise_s5,pgd_at,0.32,0.04358898943540675,0.10618797873457275,0.001453525225321452,,3
corr,shot_noise_s5,rand_smooth,0.3833333333333333,0.04163331998932267,0.1344675807654858,0.022683658599853513,,3
corr,shot_noise_s5,trades,0.36000000000000004,0.055677643628300216,0.12997931132713955,0.0008985575040181479,,3
corr,shot_noise_s5,undefended,0.12,0.009999999999999998,0.6395588586727778,0.000917362372080485,,3
corr,shot_noise_s5,undefended_vgg,0.13,0.02,0.7127435703078907,0.004395902156829834,,3
corr,snow_s3,cardnet,0.4,,0.24230340301990508,0.8696202063560486,118.72000122070312,1
corr,snow_s3,pgd_at,0.41,,0.09423040151596068,0.0020451641082763674,,1
corr,snow_s3,rand_smooth,0.42,,0.157790574580431,0.025127317905426026,,1
corr,snow_s3,trades,0.2,,0.10438090711832046,0.001241757869720459,,1
corr,snow_s3,undefended,0.71,,0.25612605512142184,0.000993802547454834,,1
corr,snow_s3,undefended_vgg,0.73,,0.22065854102373123,0.006210856437683106,,1
corr,snow_s5,cardnet,0.24666666666666667,0.011547005383792528,0.09483130487302938,0.7941589315732319,140.03999837239584,3
corr,snow_s5,pgd_at,0.28,0.017320508075688752,0.1434694682061672,0.0014114061991373696,,3
corr,snow_s5,rand_smooth,0.24333333333333332,0.015275252316519472,0.1341591340303421,0.01959561586380005,,3
corr,snow_s5,trades,0.1366666666666667,0.015275252316519482,0.2194066580136617,0.0007586256663004556,,3
corr,snow_s5,undefended,0.4533333333333333,0.03214550253664316,0.40060819456974667,0.0010025405883789063,,3
corr,snow_s5,undefended_vgg,0.52,0.040000000000000036,0.4158041276534399,0.0039279349644978844,,3
corr,zoom_blur_s3,cardnet,0.53,,0.3633484363555909,0.8104894733428956,110.5999984741211,1
corr,zoom_blur_s3,pgd_at,0.64,,0.20016869664192197,0.0013809823989868165,,1
corr,zoom_blur_s3,rand_smooth,0.54,,0.16951207593083384,0.02226450204849243,,1
corr,zoom_blur_s3,trades,0.4,,0.13034786745905877,0.0008238029479980469,,1
corr,zoom_blur_s3,undefended,0.54,,0.31651484221220016,0.0009870123863220215,,1
corr,zoom_blur_s3,undefended_vgg,0.67,,0.2825595209002495,0.0037753605842590333,,1
corr,zoom_blur_s5,cardnet,0.5499999999999999,0.017320508075688724,0.3910398654639721,0.882389174302419,125.48000081380208,3
corr,zoom_blur_s5,pgd_at,0.58,0.01999999999999999,0.19192940697073935,0.0016081428527832031,,3
corr,zoom_blur_s5,rand_smooth,0.5499999999999999,0.020000000000000004,0.20836985205610592,0.024283553759257,,3
corr,zoom_blur_s5,trades,0.37666666666666665,0.020816659994661344,0.12046982052425544,0.001043376922607422,,3
corr,zoom_blur_s5,undefended,0.43,0.017320508075688787,0.37861555884281795,0.0009740281105041505,,3
corr,zoom_blur_s5,undefended_vgg,0.5233333333333333,0.025166114784235843,0.39972719460725786,0.004728578726450603,,3
ood,far_fmnist,cardnet,0.0,0.0,0.17184811622525253,1.0370222664541668,148.36805725097656,3
ood,far_fmnist,pgd_at,0.0,0.0,0.4620726298954752,0.001725561088985867,,3
ood,far_fmnist,rand_smooth,0.0,0.0,0.4299798426114851,0.023646035128169592,,3
ood,far_fmnist,trades,0.0,0.0,0.3667899920087721,0.00104329784711202,,3
ood,far_fmnist,undefended,0.0,0.0,0.7588671024888752,0.0010516050789091322,,3
ood,far_fmnist,undefended_vgg,0.0,0.0,0.8711888024169538,0.0053290873765945435,,3
ood,far_mnist,cardnet,0.0,0.0,0.14510015793558625,1.0127122786309983,149.42638651529947,3
ood,far_mnist,pgd_at,0.0,0.0,0.47354662314885193,0.001633175214131673,,3
ood,far_mnist,rand_smooth,0.0,0.0,0.3089776650485065,0.024764882855945164,,3
ood,far_mnist,trades,0.0,0.0,0.2837721805191702,0.00096994505988227,,3
ood,far_mnist,undefended,0.0,0.0,0.8237896122452285,0.001062166690826416,,3
ood,far_mnist,undefended_vgg,0.0,0.0,0.9049743932154444,0.004834985070758396,,3
ood,id_cifar10,cardnet,0.6,0.015023130314433312,0.41937047648761006,0.62029683192571,68.9013900756836,3
ood,id_cifar10,pgd_at,0.6722222222222222,0.014632852434517724,0.17681649151361653,0.0019294397698508367,,3
ood,id_cifar10,rand_smooth,0.5930555555555556,0.006364688465216422,0.17636628786308903,0.024433468447791207,,3
ood,id_cifar10,trades,0.3972222222222222,0.012729376930432884,0.1268366522466143,0.0011639631456798977,,3
ood,id_cifar10,undefended,0.9125,0.007216878364870297,0.05650530449218222,0.0012696484724680583,,3
ood,id_cifar10,undefended_vgg,0.9166666666666666,0.014433756729740618,0.07017137565546568,0.0052941924995846225,,3
ood,near_cifar100,abl_no_detect,0.0,0.0,0.32267864443775685,0.8326528605487612,100.0,3
ood,near_cifar100,abl_no_fusion,0.0,0.0,0.3248139351192448,0.9572077582279842,137.11111450195312,3
ood,near_cifar100,abl_no_purify,0.0,0.0,0.14923909411041272,0.02381378644042545,0.0,3
ood,near_cifar100,abl_no_smooth,0.0,0.0,0.16024522582689923,0.9326575375265546,137.11111450195312,3
ood,near_cifar100,abl_single_teacher,0.0,0.0,0.1561908647004101,0.9563401844766405,137.11111450195312,3
ood,near_cifar100,cardnet,0.0,0.0,0.14982851289419663,0.9572077582279842,137.11111450195312,3
ood,near_cifar100,pgd_at,0.0,0.0,0.33765148129314176,0.0014857146475050185,,3
ood,near_cifar100,rand_smooth,0.0,0.0,0.32297264598309994,0.022255153788460626,,3
ood,near_cifar100,trades,0.0,0.0,0.25519856531172985,0.0009270591868294609,,3
ood,near_cifar100,undefended,0.0,0.0,0.802250150591135,0.0009754899475309585,,3
ood,near_cifar100,undefended_vgg,0.0,0.0,0.9046533086026708,0.004591513342327542,,3
